Categoría,Título,Slug,URL,Extracto,Imagen,Fecha
rutas,"Navidades diferentes: viajar en camper por la Región de Murcia en invierno",navidades-diferentes-viajar-en-camper-por-la-region-de-murcia-en-invierno,https://www.furgocasa.com/es/blog/rutas/navidades-diferentes-viajar-en-camper-por-la-region-de-murcia-en-invierno,"Conoce las últimas noticias del sector del caravaning. Rutas para hacer con tu autocaravana de alqui...",Sí,2025-12-29T08:48:59+00:00
rutas,"Top 5 planes para una ruta en Camper en las navidades de 2025",top-5-planes-para-una-ruta-en-camper-en-las-navidades-de-2025,https://www.furgocasa.com/es/blog/rutas/top-5-planes-para-una-ruta-en-camper-en-las-navidades-de-2025,"Conoce las últimas noticias del sector del caravaning. Rutas para hacer con tu autocaravana de alqui...",Sí,2025-12-14T21:14:15+00:00
rutas,"Descubre el Parque Natural del Fondó de Elx: Naturaleza y Palmerales en tu Camper de alquiler",descubre-el-parque-natural-del-fondo-de-elx-naturaleza-y-palmerales-en-tu-camper-de-alquiler,https://www.furgocasa.com/es/blog/rutas/descubre-el-parque-natural-del-fondo-de-elx-naturaleza-y-palmerales-en-tu-camper-de-alquiler,"Conoce las últimas noticias del sector del caravaning. Rutas para hacer con tu autocaravana de alqui...",Sí,2025-11-27T11:57:57+00:00
rutas,"Ruta de Faros en el Norte de España en Camper: de Galicia al País Vasco en Temporada Baja",ruta-de-faros-en-el-norte-de-espana-en-camper-de-galicia-al-pais-vasco-en-temporada-baja,https://www.furgocasa.com/es/blog/rutas/ruta-de-faros-en-el-norte-de-espana-en-camper-de-galicia-al-pais-vasco-en-temporada-baja,"Conoce las últimas noticias del sector del caravaning. Rutas para hacer con tu autocaravana de alqui...",Sí,2025-11-14T11:57:57+00:00
rutas,"Ruta por la Sierra de Albarracín en Camper: pueblos medievales y paisajes rojizos en otoño",ruta-por-la-sierra-de-albarracin-en-camper-pueblos-medievales-y-paisajes-rojizos-en-otono,https://www.furgocasa.com/es/blog/rutas/ruta-por-la-sierra-de-albarracin-en-camper-pueblos-medievales-y-paisajes-rojizos-en-otono,"Conoce las últimas noticias del sector del caravaning. Rutas para hacer con tu autocaravana de alqui...",Sí,2025-11-07T11:57:56+00:00
rutas,"Ruta de los hayedos en autocaravana: descubre los bosques Patrimonio de la Humanidad en otoño",ruta-de-los-hayedos-en-autocaravana-descubre-los-bosques-patrimonio-de-la-humanidad-en-otono,https://www.furgocasa.com/es/blog/rutas/ruta-de-los-hayedos-en-autocaravana-descubre-los-bosques-patrimonio-de-la-humanidad-en-otono,"Conoce las últimas noticias del sector del caravaning. Rutas para hacer con tu autocaravana de alqui...",Sí,2025-10-28T11:57:56+00:00
rutas,"Fiestas de otoño en España en Camper: Magostos, Ferias del Queso y Vendimias",fiestas-de-otono-en-espana-en-camper-magostos-ferias-del-queso-y-vendimias,https://www.furgocasa.com/es/blog/rutas/fiestas-de-otono-en-espana-en-camper-magostos-ferias-del-queso-y-vendimias,"Conoce las últimas noticias del sector del caravaning. Rutas para hacer con tu autocaravana de alqui...",Sí,2025-10-15T11:57:55+00:00
rutas,"Ruta en Autocaravana por la Murcia Barroca: Iglesias y Palacios en tu Camper de Alquiler",ruta-en-autocaravana-por-la-murcia-barroca-iglesias-y-palacios-en-tu-camper-de-alquiler,https://www.furgocasa.com/es/blog/rutas/ruta-en-autocaravana-por-la-murcia-barroca-iglesias-y-palacios-en-tu-camper-de-alquiler,"Conoce las últimas noticias del sector del caravaning. Rutas para hacer con tu autocaravana de alqui...",Sí,2025-10-08T11:57:55+00:00
rutas,"Los 10 mejores planes para Septiembre con tu camper de alquiler",los-10-mejores-planes-para-septiembre-con-tu-camper-de-alquiler,https://www.furgocasa.com/es/blog/rutas/los-10-mejores-planes-para-septiembre-con-tu-camper-de-alquiler,"Conoce las últimas noticias del sector del caravaning. Rutas para hacer con tu autocaravana de alqui...",Sí,2025-09-13T11:57:54+00:00
rutas,"¿Huir del frío en verano en Camper?: los destinos más frescos de la península ibérica para descansar del calor de las peores semanas",huir-del-frio-en-verano-en-camper-los-destinos-mas-frescos-de-la-peninsula-iberica-para-descansar-del-calor-de-las-peores-semanas,https://www.furgocasa.com/es/blog/rutas/huir-del-frio-en-verano-en-camper-los-destinos-mas-frescos-de-la-peninsula-iberica-para-descansar-del-calor-de-las-peores-semanas,"Conoce las últimas noticias del sector del caravaning. Rutas para hacer con tu autocaravana de alqui...",Sí,2025-07-02T10:09:23+00:00
rutas,"Verano en la Costa Tropical: Un Viaje en Camper por Granada",verano-en-la-costa-tropical-un-viaje-en-camper-por-granada,https://www.furgocasa.com/es/blog/rutas/verano-en-la-costa-tropical-un-viaje-en-camper-por-granada,"Conoce las últimas noticias del sector del caravaning. Rutas para hacer con tu autocaravana de alqui...",Sí,2025-06-20T09:14:55+00:00
rutas,"Descubre el Valle de Almanzora en Camper: Historia y Naturaleza en Almería",descubre-el-valle-de-almanzora-en-camper-historia-y-naturaleza-en-almeria,https://www.furgocasa.com/es/blog/rutas/descubre-el-valle-de-almanzora-en-camper-historia-y-naturaleza-en-almeria,"Conoce las últimas noticias del sector del caravaning. Rutas para hacer con tu autocaravana de alqui...",Sí,2025-06-16T09:14:55+00:00
rutas,"Top 5 viajes en autocaravana Camper por Europa",top-5-viajes-en-autocaravana-camper-por-europa,https://www.furgocasa.com/es/blog/rutas/top-5-viajes-en-autocaravana-camper-por-europa,"Conoce las últimas noticias del sector del caravaning. Rutas para hacer con tu autocaravana de alqui...",Sí,2025-06-10T09:14:55+00:00
rutas,"Planes perfectos para el verano 2025 en Camper",planes-perfectos-para-el-verano-2025-en-camper,https://www.furgocasa.com/es/blog/rutas/planes-perfectos-para-el-verano-2025-en-camper,"Conoce las últimas noticias del sector del caravaning. Rutas para hacer con tu autocaravana de alqui...",Sí,2025-05-28T09:14:55+00:00
rutas,"Explora la Costa da Morte en Autocaravana: Mitos y Paisajes de Galicia en Camper",explora-la-costa-da-morte-en-autocaravana-mitos-y-paisajes-de-galicia-en-camper,https://www.furgocasa.com/es/blog/rutas/explora-la-costa-da-morte-en-autocaravana-mitos-y-paisajes-de-galicia-en-camper,"Conoce las últimas noticias del sector del caravaning. Rutas para hacer con tu autocaravana de alqui...",Sí,2025-05-12T09:14:55+00:00
rutas,"Ruta en Camper por el Pirineo Aragonés: De Jaca a Aínsa en Autocaravana de Alquiler",ruta-en-camper-por-el-pirineo-aragones-de-jaca-a-ainsa-en-autocaravana-de-alquiler,https://www.furgocasa.com/es/blog/rutas/ruta-en-camper-por-el-pirineo-aragones-de-jaca-a-ainsa-en-autocaravana-de-alquiler,"Conoce las últimas noticias del sector del caravaning. Rutas para hacer con tu autocaravana de alqui...",Sí,2025-04-29T09:14:55+00:00
rutas,"Ruta Gastronómica por la Región de Murcia: disfruta de sus platos típicos en autocaravana",ruta-gastronomica-por-la-region-de-murcia-disfruta-de-sus-platos-tipicos-en-autocaravana,https://www.furgocasa.com/es/blog/rutas/ruta-gastronomica-por-la-region-de-murcia-disfruta-de-sus-platos-tipicos-en-autocaravana,"Conoce las últimas noticias del sector del caravaning. Rutas para hacer con tu autocaravana de alqui...",Sí,2025-03-14T09:14:55+00:00
rutas,"Descubre la Sierra de Aracena en Autocaravana: Un Viaje por la Naturaleza y el Jamón Ibérico",descubre-la-sierra-de-aracena-en-autocaravana-un-viaje-por-la-naturaleza-y-el-jamon-iberico,https://www.furgocasa.com/es/blog/rutas/descubre-la-sierra-de-aracena-en-autocaravana-un-viaje-por-la-naturaleza-y-el-jamon-iberico,"Conoce las últimas noticias del sector del caravaning. Rutas para hacer con tu autocaravana de alqui...",Sí,2025-03-31T09:14:55+00:00
rutas,"Escapadas con Mascotas en España: mejores destinos en Camper para viajar con perros",escapadas-con-mascotas-en-espana-mejores-destinos-en-camper-para-viajar-con-perros,https://www.furgocasa.com/es/blog/rutas/escapadas-con-mascotas-en-espana-mejores-destinos-en-camper-para-viajar-con-perros,"Conoce las últimas noticias del sector del caravaning. Rutas para hacer con tu autocaravana de alqui...",Sí,2025-03-14T09:14:55+00:00
rutas,"Los miradores más impresionantes de Albacete para disfrutar en Camper",los-miradores-mas-impresionantes-de-albacete-para-disfrutar-en-camper,https://www.furgocasa.com/es/blog/rutas/los-miradores-mas-impresionantes-de-albacete-para-disfrutar-en-camper,"Conoce las últimas noticias del sector del caravaning. Rutas para hacer con tu autocaravana de alqui...",Sí,2025-03-07T18:08:00+00:00
rutas,"Ruta de Castillos en España: Un Viaje por la Historia en Camper",ruta-de-castillos-en-espana-un-viaje-por-la-historia-en-camper,https://www.furgocasa.com/es/blog/rutas/ruta-de-castillos-en-espana-un-viaje-por-la-historia-en-camper,"Conoce las últimas noticias del sector del caravaning. Rutas para hacer con tu autocaravana de alqui...",Sí,2025-02-21T10:24:34+00:00
rutas,"Explora la Costa del Sol en Autocaravana: Un Viaje Perfecto Incluso en Invierno",explora-la-costa-del-sol-en-autocaravana-un-viaje-perfecto-incluso-en-invierno,https://www.furgocasa.com/es/blog/rutas/explora-la-costa-del-sol-en-autocaravana-un-viaje-perfecto-incluso-en-invierno,"Conoce las últimas noticias del sector del caravaning. Rutas para hacer con tu autocaravana de alqui...",Sí,2025-02-14T09:23:48+00:00
rutas,"Secretos de la Sierra de Guadarrama en Camper: descubre sus rincones más populares con tu casa a cuestas",secretos-de-la-sierra-de-guadarrama-en-camper-descubre-sus-rincones-mas-populares-con-tu-casa-a-cuestas,https://www.furgocasa.com/es/blog/rutas/secretos-de-la-sierra-de-guadarrama-en-camper-descubre-sus-rincones-mas-populares-con-tu-casa-a-cuestas,"Conoce las últimas noticias del sector del caravaning. Rutas para hacer con tu autocaravana de alqui...",Sí,2025-02-07T17:19:53+00:00
rutas,"Descubre los Barrancos y Cañones de España en Autocaravana",descubre-los-barrancos-y-canones-de-espana-en-autocaravana,https://www.furgocasa.com/es/blog/rutas/descubre-los-barrancos-y-canones-de-espana-en-autocaravana,"Conoce las últimas noticias del sector del caravaning. Rutas para hacer con tu autocaravana de alqui...",Sí,2025-01-31T16:53:18+00:00
rutas,"El arte del Tapeo: algunos de los mejores destinos gastronómicos en España para explorar en Camper",el-arte-del-tapeo-algunos-de-los-mejores-destinos-gastronomicos-en-espana-para-explorar-en-camper,https://www.furgocasa.com/es/blog/rutas/el-arte-del-tapeo-algunos-de-los-mejores-destinos-gastronomicos-en-espana-para-explorar-en-camper,"Conoce las últimas noticias del sector del caravaning. Rutas para hacer con tu autocaravana de alqui...",Sí,2025-01-24T08:37:47+00:00
rutas,"De Cartagena a Águilas: ruta en Autocaravana Camper por la costa murciana",de-cartagena-a-aguilas-ruta-en-autocaravana-camper-por-la-costa-murciana,https://www.furgocasa.com/es/blog/rutas/de-cartagena-a-aguilas-ruta-en-autocaravana-camper-por-la-costa-murciana,"Conoce las últimas noticias del sector del caravaning. Rutas para hacer con tu autocaravana de alqui...",Sí,2025-01-17T20:14:13+00:00
rutas,"Ruta en camper por la Sierra del Maigmó, Jijona y alrededores: un viaje entre naturaleza y tradición",ruta-en-camper-por-la-sierra-del-maigmo-jijona-y-alrededores-un-viaje-entre-naturaleza-y-tradicion,https://www.furgocasa.com/es/blog/rutas/ruta-en-camper-por-la-sierra-del-maigmo-jijona-y-alrededores-un-viaje-entre-naturaleza-y-tradicion,"Conoce las últimas noticias del sector del caravaning. Rutas para hacer con tu autocaravana de alqui...",Sí,2024-12-13T09:10:16+00:00
rutas,"Ruta en autocaravana por los Balnearios de Murcia: más de 2.000 años de historia termal",ruta-en-autocaravana-por-los-balnearios-de-murcia-mas-de-2-000-anos-de-historia-termal,https://www.furgocasa.com/es/blog/rutas/ruta-en-autocaravana-por-los-balnearios-de-murcia-mas-de-2-000-anos-de-historia-termal,"Conoce las últimas noticias del sector del caravaning. Rutas para hacer con tu autocaravana de alqui...",Sí,2024-11-14T08:35:14+00:00
rutas,"Descubre Cazorla y su Sierra en Autocaravana Camper: Rutas, Naturaleza y Libertad",descubre-cazorla-y-su-sierra-en-autocaravana-camper-ruta-naturaleza-y-libertad,https://www.furgocasa.com/es/blog/rutas/descubre-cazorla-y-su-sierra-en-autocaravana-camper-ruta-naturaleza-y-libertad,"Conoce las últimas noticias del sector del caravaning. Rutas para hacer con tu autocaravana de alqui...",Sí,2024-11-10T08:58:31+00:00
rutas,"Mejores Destinos de Invierno en España para disfrutar con tu Autocaravana",mejores-destinos-de-invierno-en-espana-para-disfrutar-con-tu-autocaravana,https://www.furgocasa.com/es/blog/rutas/mejores-destinos-de-invierno-en-espana-para-disfrutar-con-tu-autocaravana,"Conoce las últimas noticias del sector del caravaning. Rutas para hacer con tu autocaravana de alqui...",Sí,2024-11-01T22:40:45+00:00
rutas,"Los Mejores Campings de Madrid para Visitar con tu Camper",los-mejores-campings-de-madrid-para-visitar-con-tu-camper,https://www.furgocasa.com/es/blog/rutas/los-mejores-campings-de-madrid-para-visitar-con-tu-camper,"Conoce las últimas noticias del sector del caravaning. Rutas para hacer con tu autocaravana de alqui...",Sí,2024-10-25T18:48:58+00:00
rutas,"Los mejores viñedos para visitar en otoño en Camper: de Murcia a Alicante",los-mejores-vinedos-para-visitar-en-otono-en-camper-de-murcia-a-alicante,https://www.furgocasa.com/es/blog/rutas/los-mejores-vinedos-para-visitar-en-otono-en-camper-de-murcia-a-alicante,"Conoce las últimas noticias del sector del caravaning. Rutas para hacer con tu autocaravana de alqui...",Sí,2024-10-24T15:01:27+00:00
rutas,"Descubre España en Otoño: Rutas, Festividades y Paisajes en tu autocaravana camper de alquiler",descubre-espana-en-otono-rutas-festividades-y-paisajes-en-tu-autocaravana-camper-de-alquiler,https://www.furgocasa.com/es/blog/rutas/descubre-espana-en-otono-rutas-festividades-y-paisajes-en-tu-autocaravana-camper-de-alquiler,"Conoce las últimas noticias del sector del caravaning. Rutas para hacer con tu autocaravana de alqui...",Sí,2024-10-07T19:28:23+00:00
rutas,"La Berrea en los Montes de León en Autocaravana: Una Guía Completa",la-berrea-en-los-montes-de-leon-en-autocaravana-una-guia-completa,https://www.furgocasa.com/es/blog/rutas/la-berrea-en-los-montes-de-leon-en-autocaravana-una-guia-completa,"Conoce las últimas noticias del sector del caravaning. Rutas para hacer con tu autocaravana de alqui...",Sí,2024-09-15T19:14:03+00:00
rutas,"Todo lo que debes saber sobre dormir con tu motorhome de alquiler por Europa",todo-lo-que-debes-saber-sobre-dormir-con-tu-autocaravana-camper-o-motorhome-por-europa,https://www.furgocasa.com/es/blog/rutas/todo-lo-que-debes-saber-sobre-dormir-con-tu-autocaravana-camper-o-motorhome-por-europa,"Conoce las últimas noticias del sector del caravaning. Rutas para hacer con tu autocaravana de alqui...",Sí,2024-09-24T15:08:07+00:00
rutas,"Encantos Ocultos de Portugal: Un Viaje en Casa Rodante por la Costa Vicentina",encantos-ocultos-de-portugal-un-viaje-en-casa-rodante-por-la-costa-vicentina,https://www.furgocasa.com/es/blog/rutas/encantos-ocultos-de-portugal-un-viaje-en-casa-rodante-por-la-costa-vicentina,"Conoce las últimas noticias del sector del caravaning. Rutas para hacer con tu autocaravana de alqui...",No,2024-01-17T19:52:31+00:00
rutas,"Descubre el Parque Nacional de Monfragüe en Autocaravana: Una Guía Completa",descubre-el-parque-nacional-de-monfraguee-en-autocaravana-una-guia-completa,https://www.furgocasa.com/es/blog/rutas/descubre-el-parque-nacional-de-monfraguee-en-autocaravana-una-guia-completa,"Conoce las últimas noticias del sector del caravaning. Rutas para hacer con tu autocaravana de alqui...",Sí,2024-09-10T19:12:31+00:00
rutas,"Escapada Nórdica: Explora los Lagos y Bosques de Finlandia en RV",escapada-nordica-explora-los-lagos-y-bosques-de-finlandia-en-rv,https://www.furgocasa.com/es/blog/rutas/escapada-nordica-explora-los-lagos-y-bosques-de-finlandia-en-rv,"Conoce las últimas noticias del sector del caravaning. Rutas para hacer con tu autocaravana de alqui...",No,2024-03-08T19:49:14+00:00
rutas,"Explora el Parque Natural del Alto Tajo en Camper de alquiler: Una Guía Completa",explora-el-parque-natural-del-alto-tajo-en-camper-de-alquiler-una-guia-completa,https://www.furgocasa.com/es/blog/rutas/explora-el-parque-natural-del-alto-tajo-en-camper-de-alquiler-una-guia-completa,"Conoce las últimas noticias del sector del caravaning. Rutas para hacer con tu autocaravana de alqui...",Sí,2024-09-05T19:10:10+00:00
rutas,"La Ruta del Vino en Autocaravana de alquiler: De Burdeos a la Rioja",la-ruta-del-vino-en-autocaravana-de-alquiler-de-burdeos-a-la-rioja,https://www.furgocasa.com/es/blog/rutas/la-ruta-del-vino-en-autocaravana-de-alquiler-de-burdeos-a-la-rioja,"Conoce las últimas noticias del sector del caravaning. Rutas para hacer con tu autocaravana de alqui...",No,2024-02-14T19:46:48+00:00
rutas,"Ruta por los Pueblos Blancos de Andalucía en Autocaravana de alquiler: Una Guía Detallada",ruta-por-los-pueblos-blancos-de-andalucia-en-autocaravana-de-alquiler-una-guia-detallada,https://www.furgocasa.com/es/blog/rutas/ruta-por-los-pueblos-blancos-de-andalucia-en-autocaravana-de-alquiler-una-guia-detallada,"Conoce las últimas noticias del sector del caravaning. Rutas para hacer con tu autocaravana de alqui...",Sí,2024-08-28T19:00:01+00:00
rutas,"Retiro natural: los mejores Parques Nacionales de Europa para recorrer en Motorhome de alquiler",retiro-natural-los-mejores-parques-nacionales-de-europa-para-recorrer-en-autocaravana-camper-de-alquiler,https://www.furgocasa.com/es/blog/rutas/retiro-natural-los-mejores-parques-nacionales-de-europa-para-recorrer-en-autocaravana-camper-de-alquiler,"Conoce las últimas noticias del sector del caravaning. Rutas para hacer con tu autocaravana de alqui...",Sí,2024-06-21T17:58:38+00:00
rutas,"La Ribeira Sacra en Galicia en Autocaravana Camper: Una Guía Completa",la-ribeira-sacra-en-galicia-en-autocaravana-camper-una-guia-completa,https://www.furgocasa.com/es/blog/rutas/la-ribeira-sacra-en-galicia-en-autocaravana-camper-una-guia-completa,"Conoce las últimas noticias del sector del caravaning. Rutas para hacer con tu autocaravana de alqui...",Sí,2024-09-01T19:02:17+00:00
rutas,"Cinco planes para este otoño con tu autocaravana camper de alquiler en la península",cinco-planes-para-este-otono-con-tu-autocaravana-camper-de-alquiler-en-la-peninsula,https://www.furgocasa.com/es/blog/rutas/cinco-planes-para-este-otono-con-tu-autocaravana-camper-de-alquiler-en-la-peninsula,"Conoce las últimas noticias del sector del caravaning. Rutas para hacer con tu autocaravana de alqui...",Sí,2024-09-18T18:57:46+00:00
rutas,"Cabo de Palos en una autocaravana. Conoce su faro y su historia pirata",cabo-de-palos-en-una-autocaravana-conoce-su-faro-y-su-historia-pirata,https://www.furgocasa.com/es/blog/rutas/cabo-de-palos-en-una-autocaravana-conoce-su-faro-y-su-historia-pirata,"Conoce las últimas noticias del sector del caravaning. Rutas para hacer con tu autocaravana de alqui...",Sí,2024-08-08T16:43:29+00:00
rutas,"Explora la Ruta de los Castillos en la Comunidad de Madrid con una Autocaravana Camper de Alquiler",explora-la-ruta-de-los-castillos-en-la-comunidad-de-madrid-con-una-autocaravana-camper-de-alquiler,https://www.furgocasa.com/es/blog/rutas/explora-la-ruta-de-los-castillos-en-la-comunidad-de-madrid-con-una-autocaravana-camper-de-alquiler,"Conoce las últimas noticias del sector del caravaning. Rutas para hacer con tu autocaravana de alqui...",Sí,2024-04-13T19:23:16+00:00
rutas,"Recorrido por los Parques Naturales de la Comunidad de Madrid en una Camper de Alquiler",recorrido-por-los-parques-naturales-de-la-comunidad-de-madrid-en-una-camper-de-alquiler,https://www.furgocasa.com/es/blog/rutas/recorrido-por-los-parques-naturales-de-la-comunidad-de-madrid-en-una-camper-de-alquiler,"Conoce las últimas noticias del sector del caravaning. Rutas para hacer con tu autocaravana de alqui...",Sí,2024-05-23T19:23:16+00:00
rutas,"Descubre la Sierra de Gredos: Aventura y Naturaleza en tu Autocaravana Camper de Alquiler",descubre-la-sierra-de-gredos-aventura-y-naturaleza-en-tu-autocaravana-camper-de-alquiler,https://www.furgocasa.com/es/blog/rutas/descubre-la-sierra-de-gredos-aventura-y-naturaleza-en-tu-autocaravana-camper-de-alquiler,"Conoce las últimas noticias del sector del caravaning. Rutas para hacer con tu autocaravana de alqui...",No,2024-06-23T19:23:16+00:00
rutas,"Viaje Cultural por Alcalá de Henares: Historia y Modernidad en Camper de Alquiler",viaje-cultural-por-alcala-de-henares-historia-y-modernidad-en-camper-de-alquiler,https://www.furgocasa.com/es/blog/rutas/viaje-cultural-por-alcala-de-henares-historia-y-modernidad-en-camper-de-alquiler,"Conoce las últimas noticias del sector del caravaning. Rutas para hacer con tu autocaravana de alqui...",No,2024-06-23T19:23:16+00:00
rutas,"Ruta del Vino de Madrid: Un Viaje Enológico en Autocaravana Camper de Alquiler",ruta-del-vino-de-madrid-un-viaje-enologico-en-autocaravana-camper-de-alquiler,https://www.furgocasa.com/es/blog/rutas/ruta-del-vino-de-madrid-un-viaje-enologico-en-autocaravana-camper-de-alquiler,"Conoce las últimas noticias del sector del caravaning. Rutas para hacer con tu autocaravana de alqui...",No,2024-03-13T19:23:16+00:00
rutas,"Escapada de Fin de Semana desde Madrid: Descubre Aranjuez y sus Jardines Reales en una Autocaravana Camper de Alquiler",escapada-de-fin-de-semana-descubre-aranjuez-y-sus-jardines-reales-en-una-autocaravana-camper-de-alquiler,https://www.furgocasa.com/es/blog/rutas/escapada-de-fin-de-semana-descubre-aranjuez-y-sus-jardines-reales-en-una-autocaravana-camper-de-alquiler,"Conoce las últimas noticias del sector del caravaning. Rutas para hacer con tu autocaravana de alqui...",No,2024-01-31T19:23:16+00:00
rutas,"Vive una Aventura Inolvidable en el Parque Nacional de la Sierra de Guadarrama con una Camper de Alquiler",vive-una-aventura-inolvidable-en-el-parque-nacional-de-la-sierra-de-guadarrama-con-una-camper-de-alquiler,https://www.furgocasa.com/es/blog/rutas/vive-una-aventura-inolvidable-en-el-parque-nacional-de-la-sierra-de-guadarrama-con-una-camper-de-alquiler,"Conoce las últimas noticias del sector del caravaning. Rutas para hacer con tu autocaravana de alqui...",Sí,2024-02-23T19:23:16+00:00
rutas,"Explora los Encantos de la Sierra Norte de Madrid en tu Camper de Alquiler",explora-los-encantos-de-la-sierra-norte-de-madrid-en-tu-camper-de-alquiler,https://www.furgocasa.com/es/blog/rutas/explora-los-encantos-de-la-sierra-norte-de-madrid-en-tu-camper-de-alquiler,"Conoce las últimas noticias del sector del caravaning. Rutas para hacer con tu autocaravana de alqui...",Sí,2024-01-15T19:23:16+00:00
rutas,"Conoce en tu Camper de alquiler la Denominación de Origen Protegida Queso Manchego: la tradición y el sabor de La Mancha",conoce-en-tu-camper-de-alquiler-la-denominacion-de-origen-protegida-queso-manchego-la-tradicion-y-el-sabor-de-la-mancha,https://www.furgocasa.com/es/blog/rutas/conoce-en-tu-camper-de-alquiler-la-denominacion-de-origen-protegida-queso-manchego-la-tradicion-y-el-sabor-de-la-mancha,"Conoce las últimas noticias del sector del caravaning. Rutas para hacer con tu autocaravana de alqui...",Sí,2024-05-05T10:56:26+00:00
rutas,"La Denominación de Origen Protegida Jabugo con tu camper de alquiler: un viaje por la excelencia del Jamón Ibérico",la-denominacion-de-origen-protegida-jabugo-con-tu-camper-de-alquiler-un-viaje-por-la-excelencia-del-jamon-iberico,https://www.furgocasa.com/es/blog/rutas/la-denominacion-de-origen-protegida-jabugo-con-tu-camper-de-alquiler-un-viaje-por-la-excelencia-del-jamon-iberico,"Conoce las últimas noticias del sector del caravaning. Rutas para hacer con tu autocaravana de alqui...",Sí,2024-05-15T10:55:07+00:00
rutas,"Ruta en Autocaravana de alquiler por la Denominación de Origen Arroz de Valencia: un viaje por la esencia del Mediterráneo",ruta-en-autocaravana-de-alquiler-por-la-denominacion-de-origen-arroz-de-valencia-un-viaje-por-la-esencia-del-mediterraneo,https://www.furgocasa.com/es/blog/rutas/ruta-en-autocaravana-de-alquiler-por-la-denominacion-de-origen-arroz-de-valencia-un-viaje-por-la-esencia-del-mediterraneo,"Conoce las últimas noticias del sector del caravaning. Rutas para hacer con tu autocaravana de alqui...",Sí,2024-05-25T10:52:30+00:00
rutas,"Ruta en Camper de alquiler por la Denominación de Origen Rioja: un viaje por el corazón del vino",ruta-en-camper-de-alquiler-por-la-denominacion-de-origen-rioja-un-viaje-por-el-corazon-del-vino,https://www.furgocasa.com/es/blog/rutas/ruta-en-camper-de-alquiler-por-la-denominacion-de-origen-rioja-un-viaje-por-el-corazon-del-vino,"Conoce las últimas noticias del sector del caravaning. Rutas para hacer con tu autocaravana de alqui...",Sí,2024-06-05T10:49:43+00:00
rutas,"La Sierra de Cazorla en autocaravana camper de alquiler: un viaje entre naturaleza y gastronomía",la-sierra-de-cazorla-en-autocaravana-camper-de-alquiler-un-viaje-entre-naturaleza-y-gastronomia,https://www.furgocasa.com/es/blog/rutas/la-sierra-de-cazorla-en-autocaravana-camper-de-alquiler-un-viaje-entre-naturaleza-y-gastronomia,"Conoce las últimas noticias del sector del caravaning. Rutas para hacer con tu autocaravana de alqui...",Sí,2024-06-15T12:12:41+00:00
rutas,"Cinco regiones españolas con Denominación de Origen de productos típicos para visitar con tu camper de alquiler",cinco-regiones-espanolas-con-denominacion-de-origen-de-productos-tipicos-para-visitar-con-tu-camper-de-alquiler,https://www.furgocasa.com/es/blog/rutas/cinco-regiones-espanolas-con-denominacion-de-origen-de-productos-tipicos-para-visitar-con-tu-camper-de-alquiler,"Conoce las últimas noticias del sector del caravaning. Rutas para hacer con tu autocaravana de alqui...",Sí,2024-06-23T10:37:53+00:00
rutas,"Descubre los 7 pueblos con más historia de Almería en una autocaravana Camper de alquiler",descubre-los-7-pueblos-con-mas-historia-de-almeria-en-una-autocaravana-camper-de-alquiler,https://www.furgocasa.com/es/blog/rutas/descubre-los-7-pueblos-con-mas-historia-de-almeria-en-una-autocaravana-camper-de-alquiler,"Conoce las últimas noticias del sector del caravaning. Rutas para hacer con tu autocaravana de alqui...",Sí,2024-06-22T19:24:38+00:00
rutas,"Turismo cultural en Alicante: Museos y Monumentos en tu autocaravana Camper de alquiler",turismo-cultural-en-alicante-museos-y-monumentos-en-tu-autocaravana-camper-de-alquiler,https://www.furgocasa.com/es/blog/rutas/turismo-cultural-en-alicante-museos-y-monumentos-en-tu-autocaravana-camper-de-alquiler,"Conoce las últimas noticias del sector del caravaning. Rutas para hacer con tu autocaravana de alqui...",Sí,2024-06-02T10:15:15+00:00
rutas,"Descubre las Reservas Naturales de Alicante en tu Camper de alquiler",descubre-las-reservas-naturales-de-alicante-en-camper-de-alquiler,https://www.furgocasa.com/es/blog/rutas/descubre-las-reservas-naturales-de-alicante-en-camper-de-alquiler,"Conoce las últimas noticias del sector del caravaning. Rutas para hacer con tu autocaravana de alqui...",Sí,2024-04-02T10:15:15+00:00
rutas,"Ruta de los Pueblos Blancos de Alicante en tu Autocaravana Camper de Alquiler",ruta-de-los-pueblos-blancos-de-alicante-en-tu-autocaravana-camper-de-alquiler,https://www.furgocasa.com/es/blog/rutas/ruta-de-los-pueblos-blancos-de-alicante-en-tu-autocaravana-camper-de-alquiler,"Conoce las últimas noticias del sector del caravaning. Rutas para hacer con tu autocaravana de alqui...",No,2024-05-21T10:15:15+00:00
rutas,"Ruta del Agua: descubre manantiales y fuentes de Alicante en tu Camper de Alquiler",ruta-del-agua-descubre-manantiales-y-fuentes-de-alicante-en-tu-camper-de-alquiler,https://www.furgocasa.com/es/blog/rutas/ruta-del-agua-descubre-manantiales-y-fuentes-de-alicante-en-tu-camper-de-alquiler,"Conoce las últimas noticias del sector del caravaning. Rutas para hacer con tu autocaravana de alqui...",No,2024-02-02T10:15:15+00:00
rutas,"Explorando las Cuevas de Alicante en tu Camper de Alquiler",explorando-las-cuevas-de-alicante-en-tu-camper-de-alquiler,https://www.furgocasa.com/es/blog/rutas/explorando-las-cuevas-de-alicante-en-tu-camper-de-alquiler,"Conoce las últimas noticias del sector del caravaning. Rutas para hacer con tu autocaravana de alqui...",Sí,2024-06-02T10:15:15+00:00
rutas,"Cinco destinos para huir del calor este verano con tu autocaravana camper de alquiler",cinco-opciones-para-huir-del-calor-este-verano-con-tu-autocaravana-camper-de-alquiler,https://www.furgocasa.com/es/blog/rutas/cinco-opciones-para-huir-del-calor-este-verano-con-tu-autocaravana-camper-de-alquiler,"Conoce las últimas noticias del sector del caravaning. Rutas para hacer con tu autocaravana de alqui...",Sí,2024-05-31T19:41:54+00:00
rutas,"Alicante en autocaravana o camper de alquiler: playas y calas que no te puedes perder",alicante-en-autocaravana-o-camper-de-alquiler-playas-y-calas-que-no-te-puedes-perder,https://www.furgocasa.com/es/blog/rutas/alicante-en-autocaravana-o-camper-de-alquiler-playas-y-calas-que-no-te-puedes-perder,"Conoce las últimas noticias del sector del caravaning. Rutas para hacer con tu autocaravana de alqui...",Sí,2024-05-25T08:13:32+00:00
rutas,"¿Playas en Albacete? Pues si!! Las mejores playas fluviales, lagos y embalses que visitar con tu Autocaravana Camper",playas-en-albacete-pues-si-las-mejores-playas-fluviales-lagos-y-embalses-que-visitar-con-tu-autocaravana-camper,https://www.furgocasa.com/es/blog/rutas/playas-en-albacete-pues-si-las-mejores-playas-fluviales-lagos-y-embalses-que-visitar-con-tu-autocaravana-camper,"Conoce las últimas noticias del sector del caravaning. Rutas para hacer con tu autocaravana de alqui...",Sí,2024-05-25T19:41:05+00:00
rutas,"Ruta en Camper por la Sierra de Alcaraz: naturaleza y aventura en Albacete",ruta-en-camper-por-la-sierra-de-alcaraz-naturaleza-y-aventura-en-albacete,https://www.furgocasa.com/es/blog/rutas/ruta-en-camper-por-la-sierra-de-alcaraz-naturaleza-y-aventura-en-albacete,"Conoce las últimas noticias del sector del caravaning. Rutas para hacer con tu autocaravana de alqui...",Sí,2024-05-02T13:57:38+00:00
rutas,"Ruta en Camper de alquiler por las Mejores Playas del Sur de Murcia y Norte de Almería: paraíso para Este Tipo de Turismo",ruta-en-camper-por-las-mejores-playas-del-sur-de-murcia-y-norte-de-almeria-paraiso-para-este-tipo-de-turismo,https://www.furgocasa.com/es/blog/rutas/ruta-en-camper-por-las-mejores-playas-del-sur-de-murcia-y-norte-de-almeria-paraiso-para-este-tipo-de-turismo,"Conoce las últimas noticias del sector del caravaning. Rutas para hacer con tu autocaravana de alqui...",Sí,2024-05-17T20:08:24+00:00
rutas,"Visitar Puerto Lumbreras y sus alrededores en una autocaravana camper de alquiler",visitar-puerto-lumbreras-y-sus-alrededores-en-una-autocaravana-camper-de-alquiler,https://www.furgocasa.com/es/blog/rutas/visitar-puerto-lumbreras-y-sus-alrededores-en-una-autocaravana-camper-de-alquiler,"Conoce las últimas noticias del sector del caravaning. Rutas para hacer con tu autocaravana de alqui...",Sí,2024-03-01T08:19:52+00:00
rutas,"Granada Oculta: rincones poco conocidos para explorar en Autocaravana Campervan alquilada",granada-oculta-rincones-poco-conocidos-para-explorar-en-autocaravana-campervan,https://www.furgocasa.com/es/blog/rutas/granada-oculta-rincones-poco-conocidos-para-explorar-en-autocaravana-campervan,"Conoce las últimas noticias del sector del caravaning. Rutas para hacer con tu autocaravana de alqui...",No,2023-02-21T16:50:16+00:00
rutas,"Rutas Mágicas: explorando la Alpujarra Granadina en Autocaravana de alquiler",rutas-magicas-explorando-la-alpujarra-granadina-en-autocaravana,https://www.furgocasa.com/es/blog/rutas/rutas-magicas-explorando-la-alpujarra-granadina-en-autocaravana,"Conoce las últimas noticias del sector del caravaning. Rutas para hacer con tu autocaravana de alqui...",Sí,2024-02-21T16:44:18+00:00
rutas,"10 Lugares imprescindibles para conocer en la Provincia de Granada con tu autocaravana camper de alquiler",10-lugares-imprescindibles-para-conocer-en-la-provincia-de-granada-con-tu-autocaravana-camper,https://www.furgocasa.com/es/blog/rutas/10-lugares-imprescindibles-para-conocer-en-la-provincia-de-granada-con-tu-autocaravana-camper,"Conoce las últimas noticias del sector del caravaning. Rutas para hacer con tu autocaravana de alqui...",Sí,2024-01-21T08:58:16+00:00
rutas,"Descubre Granada en Autocaravana de alquiler: la Guía definitiva para aventureros",descubre-granada-en-autocaravana-la-guia-definitiva-para-aventureros,https://www.furgocasa.com/es/blog/rutas/descubre-granada-en-autocaravana-la-guia-definitiva-para-aventureros,"Conoce las últimas noticias del sector del caravaning. Rutas para hacer con tu autocaravana de alqui...",Sí,2023-12-21T08:54:11+00:00
rutas,"Descubre la belleza del otoño en la Sierra de Madrid a bordo de una autocaravana de alquiler",descubre-la-belleza-del-otono-en-la-sierra-de-madrid-a-bordo-de-una-autocaravana-de-alquiler,https://www.furgocasa.com/es/blog/rutas/descubre-la-belleza-del-otono-en-la-sierra-de-madrid-a-bordo-de-una-autocaravana-de-alquiler,"Conoce las últimas noticias del sector del caravaning. Rutas para hacer con tu autocaravana de alqui...",Sí,2023-11-09T18:31:52+00:00
rutas,"Turismo estelar: las mejores zonas para ver las estrellas con tu camper de alquiler en Almería",turismo-estelar-las-mejores-zonas-para-ver-las-estrellas-con-tu-camper-en-almeria,https://www.furgocasa.com/es/blog/rutas/turismo-estelar-las-mejores-zonas-para-ver-las-estrellas-con-tu-camper-en-almeria,"Conoce las últimas noticias del sector del caravaning. Rutas para hacer con tu autocaravana de alqui...",Sí,2024-02-16T08:21:51+00:00
rutas,"Secretos de Alicante: lugares poco conocidos para explorar en autocaravana camper de alquiler",secretos-de-alicante-lugares-poco-conocidos-para-explorar-en-autocaravana-camper,https://www.furgocasa.com/es/blog/rutas/secretos-de-alicante-lugares-poco-conocidos-para-explorar-en-autocaravana-camper,"Conoce las últimas noticias del sector del caravaning. Rutas para hacer con tu autocaravana de alqui...",Sí,2023-10-13T16:41:45+00:00
rutas,"Turismo activo y aventuras en una Autocaravana Camper alquilada por Alicante",turismo-activo-y-aventuras-en-autocaravana-camper-por-alicante,https://www.furgocasa.com/es/blog/rutas/turismo-activo-y-aventuras-en-autocaravana-camper-por-alicante,"Conoce las últimas noticias del sector del caravaning. Rutas para hacer con tu autocaravana de alqui...",Sí,2023-09-13T16:36:22+00:00
rutas,"Escapadas Románticas en Autocaravana Camper de alquiler por la Provincia de Alicante",escapadas-romanticas-en-autocaravana-camper-por-la-provincia-de-alicante,https://www.furgocasa.com/es/blog/rutas/escapadas-romanticas-en-autocaravana-camper-por-la-provincia-de-alicante,"Conoce las últimas noticias del sector del caravaning. Rutas para hacer con tu autocaravana de alqui...",No,2023-08-13T16:30:36+00:00
rutas,"La Ruta del Vino de Alicante: Descubriendo Bodegas en Autocaravana Camper de alquiler",la-ruta-del-vino-de-alicante-descubriendo-bodegas-en-autocaravana-camper,https://www.furgocasa.com/es/blog/rutas/la-ruta-del-vino-de-alicante-descubriendo-bodegas-en-autocaravana-camper,"Conoce las últimas noticias del sector del caravaning. Rutas para hacer con tu autocaravana de alqui...",No,2023-07-13T16:27:49+00:00
rutas,"Pueblos con encanto de Alicante: itinerario recomendado para Autocaravanas y Campers de alquiler",pueblos-con-encanto-de-alicante-itinerario-recomendado-para-autocaravanas-camper,https://www.furgocasa.com/es/blog/rutas/pueblos-con-encanto-de-alicante-itinerario-recomendado-para-autocaravanas-camper,"Conoce las últimas noticias del sector del caravaning. Rutas para hacer con tu autocaravana de alqui...",Sí,2023-06-13T16:23:57+00:00
rutas,"Alicante histórico: un viaje en el tiempo en tu camper de alquiler",alicante-historico-un-viaje-en-el-tiempo-en-autocaravana,https://www.furgocasa.com/es/blog/rutas/alicante-historico-un-viaje-en-el-tiempo-en-autocaravana,"Conoce las últimas noticias del sector del caravaning. Rutas para hacer con tu autocaravana de alqui...",Sí,2023-05-13T16:20:18+00:00
rutas,"Rutas gastronómicas en autocaravana de alquiler: sabores de Alicante, con especial mención a la Paella Alicantina",rutas-gastronomicas-en-autocaravana-sabores-de-alicante,https://www.furgocasa.com/es/blog/rutas/rutas-gastronomicas-en-autocaravana-sabores-de-alicante,"Conoce las últimas noticias del sector del caravaning. Rutas para hacer con tu autocaravana de alqui...",Sí,2023-04-13T16:17:00+00:00
rutas,"Aventura natural en tu autocaravana de alquiler: los Parques Naturales de Alicante",aventura-natural-en-autocaravana-los-parques-naturales-de-alicante,https://www.furgocasa.com/es/blog/rutas/aventura-natural-en-autocaravana-los-parques-naturales-de-alicante,"Conoce las últimas noticias del sector del caravaning. Rutas para hacer con tu autocaravana de alqui...",Sí,2023-03-13T16:12:23+00:00
rutas,"Descubriendo la Costa Blanca: ruta en autocaravana camper alquilada por las playas de Alicante",descubriendo-la-costa-blanca-ruta-en-autocaravana-por-las-playas-de-alicante,https://www.furgocasa.com/es/blog/rutas/descubriendo-la-costa-blanca-ruta-en-autocaravana-por-las-playas-de-alicante,"Conoce las últimas noticias del sector del caravaning. Rutas para hacer con tu autocaravana de alqui...",Sí,2023-02-13T16:08:50+00:00
rutas,"5 planes para tu escapada en camper de estas Navidades (y con un -30% de descuento)",5-planes-para-tu-escapada-en-camper-de-estas-navidades,https://www.furgocasa.com/es/blog/rutas/5-planes-para-tu-escapada-en-camper-de-estas-navidades,"Conoce las últimas noticias del sector del caravaning. Rutas para hacer con tu autocaravana de alqui...",Sí,2023-12-03T10:33:57+00:00
rutas,"Explorando las Mejores Playas Fluviales y Baños de Río en la Comunidad de Madrid en tu Autocaravana Camper de alquiler",explorando-las-mejores-playas-fluviales-y-banos-de-rio-en-la-comunidad-de-madrid-en-tu-autocaravana-camper,https://www.furgocasa.com/es/blog/rutas/explorando-las-mejores-playas-fluviales-y-banos-de-rio-en-la-comunidad-de-madrid-en-tu-autocaravana-camper,"La Comunidad de Madrid, conocida por su rica historia y vibrante vida urbana, es también hogar de te...",Sí,2023-08-03T20:32:02+00:00
rutas,"La mejor forma de disfrutar del Campeonato de MotoGP en Cheste: ¡En una autocaravana camper de alquiler!",la-mejor-forma-de-disfrutar-del-campeonato-de-motogp-en-cheste-en-una-autocaravana-camper-de-alquiler,https://www.furgocasa.com/es/blog/rutas/la-mejor-forma-de-disfrutar-del-campeonato-de-motogp-en-cheste-en-una-autocaravana-camper-de-alquiler,"El rugido de los motores, la emoción de la velocidad, el olor del asfalto y la adrenalina pura que f...",Sí,2024-09-21T19:16:12+00:00
rutas,"Descubre las fiestas de Cartagineses y Romanos en Cartagena a bordo de una Furgoneta Camper de alquiler",descubre-las-fiestas-de-cartagineses-y-romanos-en-cartagena-a-bordo-de-una-furgoneta-camper-de-alquiler,https://www.furgocasa.com/es/blog/rutas/descubre-las-fiestas-de-cartagineses-y-romanos-en-cartagena-a-bordo-de-una-furgoneta-camper-de-alquiler,"Conoce las últimas noticias del sector del caravaning. Rutas para hacer con tu autocaravana de alqui...",Sí,2023-09-16T12:46:46+00:00
rutas,"Las mejores playas de la Comunidad Valenciana para disfrutar con tu Autocaravana camper de alquiler",las-mejores-playas-de-la-comunidad-valenciana-para-disfrutar-con-tu-autocaravana,https://www.furgocasa.com/es/blog/rutas/las-mejores-playas-de-la-comunidad-valenciana-para-disfrutar-con-tu-autocaravana,"La Comunidad Valenciana, con sus más de 500 kilómetros de costa bañada por el Mediterráneo, es un de...",Sí,2023-09-15T20:48:56+00:00
rutas,"Algunos de los mejores yacimientos arqueológicos para visitar en la Comunidad de Madrid (y alrededores) en Autocaravana Camper de alquiler",los-mejores-yacimientos-arqueologicos-para-visitar-en-la-comunidad-de-madrid-y-provincias-limitrofes-en-autocaravana-o-camper,https://www.furgocasa.com/es/blog/rutas/los-mejores-yacimientos-arqueologicos-para-visitar-en-la-comunidad-de-madrid-y-provincias-limitrofes-en-autocaravana-o-camper,"Si eres un amante de la historia y la arqueología, y además disfrutas de la libertad que te ofrece v...",Sí,2023-09-12T20:16:20+00:00
rutas,"Descubriendo España en Casa Rodante de alquiler: La Ruta Definitiva de 3 Semanas",descubriendo-espana-en-casa-rodante-la-ruta-definitiva-de-3-semanas,https://www.furgocasa.com/es/blog/rutas/descubriendo-espana-en-casa-rodante-la-ruta-definitiva-de-3-semanas,"Conoce las últimas noticias del sector del caravaning. Rutas para hacer con tu autocaravana de alqui...",Sí,2023-09-07T20:42:02+00:00
rutas,"¿Por Qué España es el Mejor País de Europa para Alquilar e Iniciar un Viaje en Casa Rodante Motorhome?",por-que-espana-es-el-mejor-pais-de-europa-para-alquilar-e-iniciar-un-viaje-en-casa-rodante-motorhome,https://www.furgocasa.com/es/blog/rutas/por-que-espana-es-el-mejor-pais-de-europa-para-alquilar-e-iniciar-un-viaje-en-casa-rodante-motorhome,"Viajar en una casa rodante o motorhome ofrece una forma única de explorar un país, otorgando la libe...",Sí,2023-09-02T22:49:28+00:00
rutas,"Algunas de las mejores playas y sitios donde dormir con tu camper de alquiler en Andalucía",algunas-de-las-mejores-playas-y-sitios-donde-dormir-con-tu-camper-en-andalucia,https://www.furgocasa.com/es/blog/rutas/algunas-de-las-mejores-playas-y-sitios-donde-dormir-con-tu-camper-en-andalucia,"Con las playas pasa como con los colores, en la variedad está el gusto. Por eso, hacer un listado co...",Sí,2023-06-30T18:30:32+00:00
rutas,"Explorando las Mejores Playas Fluviales en la Comunidad Valenciana con tu Furgoneta Camper de alquiler",explorando-las-mejores-playas-fluviales-en-la-comunidad-valenciana-con-tu-furgoneta-camper,https://www.furgocasa.com/es/blog/rutas/explorando-las-mejores-playas-fluviales-en-la-comunidad-valenciana-con-tu-furgoneta-camper,"Conoce las últimas noticias del sector del caravaning. Rutas para hacer con tu autocaravana de alqui...",Sí,2023-07-24T20:18:32+00:00
rutas,"Ruta en autocaravana camper de alquiler por los yacimientos arqueológicos más destacados de la Región de Murcia",ruta-en-autocaravana-camper-por-los-yacimientos-arqueologicos-mas-destacados-de-la-region-de-murcia,https://www.furgocasa.com/es/blog/rutas/ruta-en-autocaravana-camper-por-los-yacimientos-arqueologicos-mas-destacados-de-la-region-de-murcia,"No hace falta más que una autocaravana equipada (como las de FURGOCASA), una actitud exploradora y m...",Sí,2021-07-20T21:25:51+00:00
rutas,"Algunas de las mejores playas de la Región de Murcia para visitar con tu autocaravana camper alquilada",algunas-de-las-mejores-playas-de-la-region-de-murcia-para-visitar-con-tu-autocaravana-camper,https://www.furgocasa.com/es/blog/rutas/algunas-de-las-mejores-playas-de-la-region-de-murcia-para-visitar-con-tu-autocaravana-camper,"Conoce las últimas noticias del sector del caravaning. Rutas para hacer con tu autocaravana de alqui...",Sí,2023-05-21T18:55:07+00:00
rutas,"Murcia en autocaravana camper de alquiler: 10 ciudades y pueblos que deberías visitar",murcia-en-autocaravana-10-pueblos-que-deberias-visitar,https://www.furgocasa.com/es/blog/rutas/murcia-en-autocaravana-10-pueblos-que-deberias-visitar,"Conoce las últimas noticias del sector del caravaning. Rutas para hacer con tu autocaravana de alqui...",Sí,2018-07-20T19:55:36+00:00
rutas,"Murcia en verano: de Norte a Sur, un recorrido por toda su costa en una furgoneta camper de alquiler",murcia-en-verano-de-norte-a-sur-un-recorrido-por-toda-su-costa,https://www.furgocasa.com/es/blog/rutas/murcia-en-verano-de-norte-a-sur-un-recorrido-por-toda-su-costa,"Conoce las últimas noticias del sector del caravaning. Rutas para hacer con tu autocaravana de alqui...",Sí,2018-07-15T20:07:22+00:00
rutas,"Murcia en primavera: un paraíso para visitar con una autocaravana o camper de alquiler",murcia-en-primavera-un-paraiso-para-disfrutar-con-tu-autocaravana-camper-de-alquiler,https://www.furgocasa.com/es/blog/rutas/murcia-en-primavera-un-paraiso-para-disfrutar-con-tu-autocaravana-camper-de-alquiler,"Conoce las últimas noticias del sector del caravaning. Rutas para hacer con tu autocaravana de alqui...",Sí,2022-03-20T11:04:56+00:00
rutas,"La Costa Calidad en Autocaravana de alquiler. Murcia: dos mares en una sola costa",costa-calida-region-de-murcia-dos-mares-en-una-sola-costa,https://www.furgocasa.com/es/blog/rutas/costa-calida-region-de-murcia-dos-mares-en-una-sola-costa,"Conoce las últimas noticias del sector del caravaning. Rutas para hacer con tu autocaravana de alqui...",Sí,2018-06-12T09:22:23+00:00
rutas,"Ruta en Camper de alquiler por la Sierra de Jaén, joya natural de la Península Ibérica",camper-por-jaen-joya-natural-peninsula-iberica,https://www.furgocasa.com/es/blog/rutas/camper-por-jaen-joya-natural-peninsula-iberica,"A tan solo 165 km de Murcia, se encuentra el “Parque Natural Sierras de Cazorla, Segura y las Villas...",Sí,2018-01-04T11:37:54+00:00
rutas,"Ruta en Autocaravana Campervan de alquiler por el Valle de Ricote: huerta de Murcia",ruta-en-autocaravana-campervan-por-el-valle-de-ricote-huerta-de-murcia,https://www.furgocasa.com/es/blog/rutas/ruta-en-autocaravana-campervan-por-el-valle-de-ricote-huerta-de-murcia,"Te proponemos alquilar una de nuestras Autocaravanas Campers y perderte por el maravilloso valle de ...",Sí,2019-03-08T08:37:19+00:00
rutas,"El Valle del Navia: conoce Asturias en autocaravana o camper van de alquiler",el-valle-del-navia-asturias-en-autocaravana-campervan,https://www.furgocasa.com/es/blog/rutas/el-valle-del-navia-asturias-en-autocaravana-campervan,"Conoce las últimas noticias del sector del caravaning. Rutas para hacer con tu autocaravana de alqui...",Sí,2016-12-08T22:46:03+00:00
rutas,"Ruta en autocaravana Camper de alquiler por la Murcia musulmana: historia árabe y morisca de la Región",ruta-en-autocaravana-campervan-por-la-murcia-musulmana-historia-arabe-y-morisca-de-la-region,https://www.furgocasa.com/es/blog/rutas/ruta-en-autocaravana-campervan-por-la-murcia-musulmana-historia-arabe-y-morisca-de-la-region,"La historia árabe y morisca de la región de Murcia tiene que ver hasta la propia fundación de la cap...",Sí,2022-02-20T20:21:30+00:00
rutas,"Murcia en autocaravana de alquiler: Disfruta de una Semana Santa inolvidable",murcia-en-autocaravana-disfruta-de-una-semana-santa-inolvidable,https://www.furgocasa.com/es/blog/rutas/murcia-en-autocaravana-disfruta-de-una-semana-santa-inolvidable,"Apenas quedan días para el comienzo de Semana Santa y desde FURGOCASA os queremos proponer disfrutar...",Sí,2019-04-10T09:33:07+00:00
rutas,"Top 10 veraniego: algunos de los mejores Campings a la orilla del mar para visitar con tu camper de alquiler",top-10-veraniego-algunos-de-los-mejores-campings-a-la-orilla-del-mar,https://www.furgocasa.com/es/blog/rutas/top-10-veraniego-algunos-de-los-mejores-campings-a-la-orilla-del-mar,"Junto al mar, con el sonido de las olas como banda sonora y la vista pérdida en el color azul. ¿Quie...",Sí,2022-02-20T20:21:30+00:00
rutas,"Ruta en autocaravana Camper de alquiler por la Región de Murcia: huerta, mar y montaña",ruta-en-autocaravana-camper-por-la-region-de-murcia,https://www.furgocasa.com/es/blog/rutas/ruta-en-autocaravana-camper-por-la-region-de-murcia,"Por alguna razón, la Región de Murcia es para muchos una gran desconocida. Incluso muchos murcianos ...",Sí,2021-03-14T10:08:24+00:00
rutas,"Ruta en camper de alquiler por la Comunidad de Madrid",ruta-en-camper-por-la-comunidad-de-madrid,https://www.furgocasa.com/es/blog/rutas/ruta-en-camper-por-la-comunidad-de-madrid,"Además de la propia capital, la Comunidad de Madrid ofrece numerosas opciones para poder escaparos y...",Sí,2020-05-27T09:31:33+00:00
rutas,"10 areas para visitar con tu Autocaravana o Campervan de alquiler en el Mediterraneo",10-areas-para-visitar-con-tu-campervan-en-el-mediterraneo,https://www.furgocasa.com/es/blog/rutas/10-areas-para-visitar-con-tu-campervan-en-el-mediterraneo,"Conoce las últimas noticias del sector del caravaning. Rutas para hacer con tu autocaravana de alqui...",Sí,2017-07-21T10:56:19+00:00
rutas,"El hechizo del otoño, ruta por la Selva de Irati en autocaravana de alquiler",el-hechizo-del-otono-ruta-en-camper-por-la-selva-de-irati,https://www.furgocasa.com/es/blog/rutas/el-hechizo-del-otono-ruta-en-camper-por-la-selva-de-irati,"Conoce las últimas noticias del sector del caravaning. Rutas para hacer con tu autocaravana de alqui...",Sí,2017-11-07T21:02:01+00:00
rutas,"Ruta del vino: la Región Murcia en autocaravana de alquiler. Conoce hasta 3 denominaciones de origen.",ruta-del-vino-la-region-murcia-en-autocaravana-conoce-hasta-3-denominaciones-de-origen,https://www.furgocasa.com/es/blog/rutas/ruta-del-vino-la-region-murcia-en-autocaravana-conoce-hasta-3-denominaciones-de-origen,"La Región de Murcia cuenta con una importante oferta gastronómica. Platos que han hecho que esta pro...",Sí,2021-10-02T09:10:27+00:00
rutas,"Austria: ruta en autocaravana o camper de alquiler a través de sus 9 sitios más emblemáticos",austria-ruta-en-ac-o-camper-a-traves-de-sus-9-joyas,https://www.furgocasa.com/es/blog/rutas/austria-ruta-en-ac-o-camper-a-traves-de-sus-9-joyas,"Conoce las últimas noticias del sector del caravaning. Rutas para hacer con tu autocaravana de alqui...",Sí,2017-11-29T09:08:23+00:00
noticias,"La Sierra del Segura refuerza su apuesta por el turismo en autocaravana: nuevas áreas y un destino cada vez más accesible",la-sierra-del-segura-refuerza-su-apuesta-por-el-turismo-en-autocaravana-nuevas-areas-y-un-destino-cada-vez-mas-accesible,https://www.furgocasa.com/es/blog/noticias/la-sierra-del-segura-refuerza-su-apuesta-por-el-turismo-en-autocaravana-nuevas-areas-y-un-destino-cada-vez-mas-accesible,"Conoce las últimas noticias del sector del caravaning. Rutas para hacer con tu autocaravana de alqui...",Sí,2025-12-31T12:45:49+00:00
noticias,"Mapa Furgocasa: la alternativa definitiva a Park4Night para quienes viajamos en autocaravana",mapa-furgocasa-la-alternativa-definitiva-a-park4night-para-quienes-viajamos-en-autocaravana,https://www.furgocasa.com/es/blog/noticias/mapa-furgocasa-la-alternativa-definitiva-a-park4night-para-quienes-viajamos-en-autocaravana,"Conoce las últimas noticias del sector del caravaning. Rutas para hacer con tu autocaravana de alqui...",Sí,2025-11-16T09:24:20+00:00
noticias,"Nueva área para autocaravanas en Rivas‑Vaciamadrid: una excelente noticia para el mundo camper",nueva-area-para-autocaravanas-en-rivas-vaciamadrid-una-excelente-noticia-para-el-mundo-camper,https://www.furgocasa.com/es/blog/noticias/nueva-area-para-autocaravanas-en-rivas-vaciamadrid-una-excelente-noticia-para-el-mundo-camper,"Conoce las últimas noticias del sector del caravaning. Rutas para hacer con tu autocaravana de alqui...",Sí,2025-11-08T08:59:37+00:00
noticias,"Alto Campoo estrenará en enero un área de autocaravanas junto a su estación de esquí",alto-campoo-estrenara-en-enero-un-area-de-autocaravanas-junto-a-su-estacion-de-esqui,https://www.furgocasa.com/es/blog/noticias/alto-campoo-estrenara-en-enero-un-area-de-autocaravanas-junto-a-su-estacion-de-esqui,"Conoce las últimas noticias del sector del caravaning. Rutas para hacer con tu autocaravana de alqui...",Sí,2025-09-14T08:36:57+00:00
noticias,"Problemas con AdBlue y el Filtro de Partículas en Fiat Ducato, Peugeot Boxer y Citroën Jumper (2022+): Experiencia, Guía para Afectados y Soluciones Reales",problemas-con-adblue-y-el-filtro-de-particulas-en-fiat-ducato-peugeot-boxer-y-citroen-jumper-2022-experiencia-guia-para-afectados-y-soluciones-reales,https://www.furgocasa.com/es/blog/noticias/problemas-con-adblue-y-el-filtro-de-particulas-en-fiat-ducato-peugeot-boxer-y-citroen-jumper-2022-experiencia-guia-para-afectados-y-soluciones-reales,"Conoce las últimas noticias del sector del caravaning. Rutas para hacer con tu autocaravana de alqui...",Sí,2025-07-25T20:02:23+00:00
noticias,"Salamanca estrenará en 2026 una moderna área de autocaravanas junto a La Aldehuela",salamanca-estrenara-en-2026-una-moderna-area-de-autocaravanas-junto-a-la-aldehuela,https://www.furgocasa.com/es/blog/noticias/salamanca-estrenara-en-2026-una-moderna-area-de-autocaravanas-junto-a-la-aldehuela,"Conoce las últimas noticias del sector del caravaning. Rutas para hacer con tu autocaravana de alqui...",Sí,2025-07-18T08:08:46+00:00
noticias,"Nueva Área de Servicio para Autocaravanas en Talavera de la Reina: abrirá sus puertas en agosto de 2025",nueva-area-de-servicio-para-autocaravanas-en-talavera-de-la-reina-abrira-sus-puertas-en-agosto-de-2025,https://www.furgocasa.com/es/blog/noticias/nueva-area-de-servicio-para-autocaravanas-en-talavera-de-la-reina-abrira-sus-puertas-en-agosto-de-2025,"Conoce las últimas noticias del sector del caravaning. Rutas para hacer con tu autocaravana de alqui...",Sí,2025-07-04T18:43:03+00:00
noticias,"Dos Aguas, Valencia, inaugura nueva Área para Autocaravanas y Furgonetas Camper",dos-aguas-valencia-inaugura-nueva-area-para-autocaravanas-y-furgonetas-camper,https://www.furgocasa.com/es/blog/noticias/dos-aguas-valencia-inaugura-nueva-area-para-autocaravanas-y-furgonetas-camper,"Conoce las últimas noticias del sector del caravaning. Rutas para hacer con tu autocaravana de alqui...",Sí,2025-06-27T07:33:48+00:00
noticias,"Nueva Regulación para Campings y Autocaravanas en Canarias: Todo lo que Necesitas Saber",nueva-regulacion-para-campings-y-autocaravanas-en-canarias-todo-lo-que-necesitas-saber,https://www.furgocasa.com/es/blog/noticias/nueva-regulacion-para-campings-y-autocaravanas-en-canarias-todo-lo-que-necesitas-saber,"Conoce las últimas noticias del sector del caravaning. Rutas para hacer con tu autocaravana de alqui...",Sí,2025-06-21T09:11:34+00:00
noticias,"Bilbao renueva su área de autocaravanas en Kobetamendi y la convierte en el moderno Bilbao Caravan Park",bilbao-renueva-su-area-de-autocaravanas-en-kobetamendi-y-la-convierte-en-el-moderno-bilbao-caravan-park,https://www.furgocasa.com/es/blog/noticias/bilbao-renueva-su-area-de-autocaravanas-en-kobetamendi-y-la-convierte-en-el-moderno-bilbao-caravan-park,"Conoce las últimas noticias del sector del caravaning. Rutas para hacer con tu autocaravana de alqui...",Sí,2025-05-31T07:17:26+00:00
noticias,"Cómo Viajar en Camper por Madrid en 2025: Guía Práctica para Cumplir el Nuevo Decreto y Evitar Multas",como-viajar-en-camper-por-madrid-en-2025-guia-practica-para-cumplir-el-nuevo-decreto-y-evitar-multas,https://www.furgocasa.com/es/blog/noticias/como-viajar-en-camper-por-madrid-en-2025-guia-practica-para-cumplir-el-nuevo-decreto-y-evitar-multas,"Conoce las últimas noticias del sector del caravaning. Rutas para hacer con tu autocaravana de alqui...",Sí,2025-05-27T17:27:33+00:00
noticias,"Nueva Normativa de Autocaravanas en Grecia 2025: ¿El fin del Turismo Libre en vehículos vivienda?",nueva-normativa-de-autocaravanas-en-grecia-2025-el-fin-del-turismo-libre-en-vehiculos-vivienda,https://www.furgocasa.com/es/blog/noticias/nueva-normativa-de-autocaravanas-en-grecia-2025-el-fin-del-turismo-libre-en-vehiculos-vivienda,"Conoce las últimas noticias del sector del caravaning. Rutas para hacer con tu autocaravana de alqui...",Sí,2025-05-25T13:04:56+00:00
noticias,"Nuevo Decreto de Campings y Autocaravanas en Madrid 2025: Todo lo que Necesitas Saber",nuevo-decreto-de-campings-y-autocaravanas-en-madrid-2025-todo-lo-que-necesitas-saber,https://www.furgocasa.com/es/blog/noticias/nuevo-decreto-de-campings-y-autocaravanas-en-madrid-2025-todo-lo-que-necesitas-saber,"Conoce las últimas noticias del sector del caravaning. Rutas para hacer con tu autocaravana de alqui...",Sí,2025-05-14T13:29:23+00:00
noticias,"Salas (Asturias) potencia el turismo de autocaravanas con mejoras en su área de pernocta",salas-potencia-el-turismo-de-autocaravanas-con-mejoras-en-su-area-de-pernocta,https://www.furgocasa.com/es/blog/noticias/salas-potencia-el-turismo-de-autocaravanas-con-mejoras-en-su-area-de-pernocta,"Conoce las últimas noticias del sector del caravaning. Rutas para hacer con tu autocaravana de alqui...",Sí,2025-04-28T07:30:06+00:00
noticias,"Cuevas del Almanzora inaugura un área de servicio para autocaravanas",cuevas-del-almanzora-inaugura-un-area-de-servicio-para-autocaravanas,https://www.furgocasa.com/es/blog/noticias/cuevas-del-almanzora-inaugura-un-area-de-servicio-para-autocaravanas,"Conoce las últimas noticias del sector del caravaning. Rutas para hacer con tu autocaravana de alqui...",Sí,2025-04-11T20:18:54+00:00
noticias,"Archidona inaugura una nueva área de autocaravanas en el recinto ferial",archidona-inaugura-una-nueva-area-de-autocaravanas-en-el-recinto-ferial,https://www.furgocasa.com/es/blog/noticias/archidona-inaugura-una-nueva-area-de-autocaravanas-en-el-recinto-ferial,"Conoce las últimas noticias del sector del caravaning. Rutas para hacer con tu autocaravana de alqui...",Sí,2025-04-03T09:34:33+00:00
noticias,"Jaca permitirá de nuevo el estacionamiento de Autocaravanas y Campers: una gran noticia para los viajeros itinerantes",jaca-permitira-de-nuevo-el-estacionamiento-de-autocaravanas-y-campers-una-gran-noticia-para-los-viajeros-itinerantes,https://www.furgocasa.com/es/blog/noticias/jaca-permitira-de-nuevo-el-estacionamiento-de-autocaravanas-y-campers-una-gran-noticia-para-los-viajeros-itinerantes,"Conoce las últimas noticias del sector del caravaning. Rutas para hacer con tu autocaravana de alqui...",Sí,2025-03-21T11:34:53+00:00
noticias,"Cartagena impulsará el Turismo en Autocaravana: una oportunidad para visitarla con tu camper de alquiler",cartagena-impulsara-el-turismo-en-autocaravana-una-oportunidad-para-visitarla-con-tu-camper-de-alquiler,https://www.furgocasa.com/es/blog/noticias/cartagena-impulsara-el-turismo-en-autocaravana-una-oportunidad-para-visitarla-con-tu-camper-de-alquiler,"Conoce las últimas noticias del sector del caravaning. Rutas para hacer con tu autocaravana de alqui...",Sí,2025-03-13T11:53:15+00:00
noticias,"Restricción a las Autocaravanas en la Costa de Elche y Santa Pola: un duro golpe para el turismo itinerante",restriccion-a-las-autocaravanas-en-la-costa-de-elche-y-santa-pola-un-duro-golpe-para-el-turismo-itinerante,https://www.furgocasa.com/es/blog/noticias/restriccion-a-las-autocaravanas-en-la-costa-de-elche-y-santa-pola-un-duro-golpe-para-el-turismo-itinerante,"Conoce las últimas noticias del sector del caravaning. Rutas para hacer con tu autocaravana de alqui...",Sí,2025-02-25T12:39:48+00:00
noticias,"Nueva Regulación en Vitoria para el Parking de Autocaravanas: Tarifas, Restricciones y Alternativas",nueva-regulacion-en-vitoria-para-el-parking-de-autocaravanas-tarifas-restricciones-y-alternativas,https://www.furgocasa.com/es/blog/noticias/nueva-regulacion-en-vitoria-para-el-parking-de-autocaravanas-tarifas-restricciones-y-alternativas,"Conoce las últimas noticias del sector del caravaning. Rutas para hacer con tu autocaravana de alqui...",Sí,2025-02-17T18:45:50+00:00
noticias,"Conflictos y restricciones: el estacionamiento de autocaravanas en las playas de Lorca y Águilas",conflictos-y-restricciones-el-estacionamiento-de-autocaravanas-en-las-playas-de-lorca-y-aguilas,https://www.furgocasa.com/es/blog/noticias/conflictos-y-restricciones-el-estacionamiento-de-autocaravanas-en-las-playas-de-lorca-y-aguilas,"Conoce las últimas noticias del sector del caravaning. Rutas para hacer con tu autocaravana de alqui...",Sí,2025-02-06T11:57:59+00:00
noticias,"¡Escándalo! Stellanis España incumple la ley y deja a sus clientes abandonados sin garantías durante el tercer año",escandalo-stellanis-espana-incumple-la-ley-y-deja-a-sus-clientes-abandonados-sin-garantias,https://www.furgocasa.com/es/blog/noticias/escandalo-stellanis-espana-incumple-la-ley-y-deja-a-sus-clientes-abandonados-sin-garantias,"Conoce las últimas noticias del sector del caravaning. Rutas para hacer con tu autocaravana de alqui...",Sí,2025-01-28T09:51:48+00:00
noticias,"Ventas de Autocaravanas en España 2024: Un Año de Crecimiento y Oportunidades",ventas-de-autocaravanas-en-espana-2024-un-ano-de-crecimiento-y-oportunidades,https://www.furgocasa.com/es/blog/noticias/ventas-de-autocaravanas-en-espana-2024-un-ano-de-crecimiento-y-oportunidades,"Conoce las últimas noticias del sector del caravaning. Rutas para hacer con tu autocaravana de alqui...",Sí,2025-01-09T19:05:43+00:00
noticias,"El error de eliminar la Red de Autocaravanas en Ciudad Real: un retroceso para los municipios que apostaron por esta iniciativa",el-error-de-eliminar-la-red-de-autocaravanas-en-ciudad-real-un-retroceso-para-los-municipios-que-apostaron-por-esta-iniciativa,https://www.furgocasa.com/es/blog/noticias/el-error-de-eliminar-la-red-de-autocaravanas-en-ciudad-real-un-retroceso-para-los-municipios-que-apostaron-por-esta-iniciativa,"Conoce las últimas noticias del sector del caravaning. Rutas para hacer con tu autocaravana de alqui...",Sí,2025-01-08T21:05:13+00:00
noticias,"Weinsberg X-pedition: la Camper Todoterreno para aventuras extremas",weinsberg-x-pedition-la-camper-todoterreno-para-aventuras-extremas,https://www.furgocasa.com/es/blog/noticias/weinsberg-x-pedition-la-camper-todoterreno-para-aventuras-extremas,"Conoce las últimas noticias del sector del caravaning. Rutas para hacer con tu autocaravana de alqui...",Sí,2024-10-26T08:03:30+00:00
noticias,"Nueva área de Autocaravanas en Rivas Vaciamadrid: un proyecto entre la controversia vecinal y la apuesta por el turismo itinerante",nueva-area-de-autocaravanas-en-rivas-vaciamadrid-un-proyecto-entre-la-controversia-vecinal-y-la-apuesta-por-el-turismo-itinerante,https://www.furgocasa.com/es/blog/noticias/nueva-area-de-autocaravanas-en-rivas-vaciamadrid-un-proyecto-entre-la-controversia-vecinal-y-la-apuesta-por-el-turismo-itinerante,"Conoce las últimas noticias del sector del caravaning. Rutas para hacer con tu autocaravana de alqui...",Sí,2024-10-13T07:07:26+00:00
noticias,"¿Resolverá el nuevo decreto el problema de las multas a las autocaravanas y campers? Algunos piensan que no será suficiente",resolvera-el-nuevo-decreto-el-problema-de-las-multas-a-las-autocaravanas-y-campers-algunos-piensan-que-no,https://www.furgocasa.com/es/blog/noticias/resolvera-el-nuevo-decreto-el-problema-de-las-multas-a-las-autocaravanas-y-campers-algunos-piensan-que-no,"Conoce las últimas noticias del sector del caravaning. Rutas para hacer con tu autocaravana de alqui...",Sí,2024-07-10T20:19:45+00:00
noticias,"Andorra: las Autocaravanas pagarán una Tasa por pernoctar",andorra-las-autocaravanas-pagaran-una-tasa-por-pernoctar,https://www.furgocasa.com/es/blog/noticias/andorra-las-autocaravanas-pagaran-una-tasa-por-pernoctar,"Conoce las últimas noticias del sector del caravaning. Rutas para hacer con tu autocaravana de alqui...",Sí,2024-06-26T20:32:02+00:00
noticias,"Nueva normativa para Autocaravanas en Cantabria: un enfoque hacia el Turismo Sostenible",nueva-normativa-para-autocaravanas-en-cantabria-un-enfoque-hacia-el-turismo-sostenible,https://www.furgocasa.com/es/blog/noticias/nueva-normativa-para-autocaravanas-en-cantabria-un-enfoque-hacia-el-turismo-sostenible,"Conoce las últimas noticias del sector del caravaning. Rutas para hacer con tu autocaravana de alqui...",Sí,2024-06-26T20:10:19+00:00
noticias,"La Generalitat autoriza un Parking de Autocaravanas frente al Mar en Burriana, Castellon",la-generalitat-autoriza-un-parking-de-autocaravanas-frente-al-mar-en-burriana-castellon,https://www.furgocasa.com/es/blog/noticias/la-generalitat-autoriza-un-parking-de-autocaravanas-frente-al-mar-en-burriana-castellon,"Conoce las últimas noticias del sector del caravaning. Rutas para hacer con tu autocaravana de alqui...",Sí,2024-06-20T18:23:16+00:00
noticias,"La Delegación de Hacienda en Canarias exige ahora a las personas con discapacidad pagar el Impuesto de Matriculación de sus autocaravanas",la-delegacion-de-hacienda-en-canarias-exige-ahora-a-las-personas-con-discapacidad-pagar-el-impuesto-de-matriculacion-de-sus-autocaravanas,https://www.furgocasa.com/es/blog/noticias/la-delegacion-de-hacienda-en-canarias-exige-ahora-a-las-personas-con-discapacidad-pagar-el-impuesto-de-matriculacion-de-sus-autocaravanas,"Conoce las últimas noticias del sector del caravaning. Rutas para hacer con tu autocaravana de alqui...",Sí,2024-06-16T20:17:55+00:00
noticias,"Tarifa: desalojo y sanciones para Autocaravanas y Campers impuestas por la Guardia Civil por estacionar y acampar en áreas no autorizadas",tarifa-desalojo-y-sanciones-para-autocaravanas-y-campers-impuestas-por-la-guardia-civil-por-estacionar-y-acampar-en-areas-no-autorizadas,https://www.furgocasa.com/es/blog/noticias/tarifa-desalojo-y-sanciones-para-autocaravanas-y-campers-impuestas-por-la-guardia-civil-por-estacionar-y-acampar-en-areas-no-autorizadas,"Conoce las últimas noticias del sector del caravaning. Rutas para hacer con tu autocaravana de alqui...",Sí,2024-06-09T08:40:27+00:00
noticias,"Se anuncian cambios en la normativa europea: se ampliará la MMA de las autocaravanas y campers a 4.250 kg",se-anuncian-cambios-en-la-normativa-europea-se-ampliara-la-mma-de-las-autocaravanas-y-campers-a-4-250-kg,https://www.furgocasa.com/es/blog/noticias/se-anuncian-cambios-en-la-normativa-europea-se-ampliara-la-mma-de-las-autocaravanas-y-campers-a-4-250-kg,"Conoce las últimas noticias del sector del caravaning. Rutas para hacer con tu autocaravana de alqui...",Sí,2024-05-18T18:53:29+00:00
noticias,"Puerto Lumbreras ultima los preparativos para su primera quedada de Autocaravanas y Campers",puerto-lumbreras-ultima-los-preparativos-para-su-primera-quedada-de-autocaravanas-y-campers,https://www.furgocasa.com/es/blog/noticias/puerto-lumbreras-ultima-los-preparativos-para-su-primera-quedada-de-autocaravanas-y-campers,"Conoce las últimas noticias del sector del caravaning. Rutas para hacer con tu autocaravana de alqui...",Sí,2024-03-01T08:06:51+00:00
noticias,"La Comunidad de Madrid regulará con un nuevo Decreto los campamentos turísticos y de autocaravanas en la región",la-comunidad-de-madrid-regulara-con-un-nuevo-decreto-los-campamentos-turisticos-y-de-autocaravanas-en-la-region,https://www.furgocasa.com/es/blog/noticias/la-comunidad-de-madrid-regulara-con-un-nuevo-decreto-los-campamentos-turisticos-y-de-autocaravanas-en-la-region,"Conoce las últimas noticias del sector del caravaning. Rutas para hacer con tu autocaravana de alqui...",Sí,2024-02-16T16:48:52+00:00
noticias,"La provincia de Burgos apuesta por el turismo itinerante y facilita la visita de autocaravanas, caravanas y campers",la-provincia-de-burgos-apuesta-por-el-turismo-itinerante-y-facilita-la-visita-de-autocaravanas-caravanas-y-campers,https://www.furgocasa.com/es/blog/noticias/la-provincia-de-burgos-apuesta-por-el-turismo-itinerante-y-facilita-la-visita-de-autocaravanas-caravanas-y-campers,"Conoce las últimas noticias del sector del caravaning. Rutas para hacer con tu autocaravana de alqui...",Sí,2024-02-09T08:52:00+00:00
noticias,"La importancia de contar con un buen seguro para tu Autocaravana o Camper",la-importancia-de-contar-con-un-buen-seguro-para-tu-autocaravana-o-camper,https://www.furgocasa.com/es/blog/noticias/la-importancia-de-contar-con-un-buen-seguro-para-tu-autocaravana-o-camper,"Conoce las últimas noticias del sector del caravaning. Rutas para hacer con tu autocaravana de alqui...",Sí,2024-01-19T10:50:43+00:00
noticias,"Prohibición y polémica en Águilas: la instalación de gálibos y su impacto en el turismo de autocaravanas y campers",prohibicion-y-polemica-en-aguilas-la-instalacion-de-galibos-y-su-impacto-en-el-turismo-de-autocaravanas-y-campers,https://www.furgocasa.com/es/blog/noticias/prohibicion-y-polemica-en-aguilas-la-instalacion-de-galibos-y-su-impacto-en-el-turismo-de-autocaravanas-y-campers,"El pasado noviembre, el consistorio de Águilas presentó una petición para colocar gálibos en distint...",Sí,2024-01-18T21:00:20+00:00
noticias,"Palencia a la cabeza en el desarrollo de áreas de autocaravanas: prevé la apertura de seis nuevas (a sumar a las 29 existentes) y la ampliación de otras cuatro",palencia-a-la-cabeza-en-el-desarrollo-de-areas-de-autocaravanas-preve-la-apertura-de-seis-nuevas-a-sumar-a-las-29-existentes-y-la-ampliacion-de-otras-cuatro,https://www.furgocasa.com/es/blog/noticias/palencia-a-la-cabeza-en-el-desarrollo-de-areas-de-autocaravanas-preve-la-apertura-de-seis-nuevas-a-sumar-a-las-29-existentes-y-la-ampliacion-de-otras-cuatro,"Conoce las últimas noticias del sector del caravaning. Rutas para hacer con tu autocaravana de alqui...",Sí,2023-12-26T19:01:39+00:00
noticias,"Nuevo punto limpio y área de pernocta para autocaravanas en Tírig, Castellón",nuevo-punto-limpio-y-area-de-pernocta-para-autocaravanas-en-tirig-castellon,https://www.furgocasa.com/es/blog/noticias/nuevo-punto-limpio-y-area-de-pernocta-para-autocaravanas-en-tirig-castellon,"Conoce las últimas noticias del sector del caravaning. Rutas para hacer con tu autocaravana de alqui...",Sí,2023-11-04T18:12:13+00:00
noticias,"Inauguración del Espacio para Autocaravanas en Alfaro (La Rioja) Durante el Puente del Pilar",inauguracion-del-espacio-para-autocaravanas-en-alfaro-durante-el-puente-del-pilar,https://www.furgocasa.com/es/blog/noticias/inauguracion-del-espacio-para-autocaravanas-en-alfaro-durante-el-puente-del-pilar,"El espacio destinado para autocaravanas en Alfaro, una reciente adición a los atractivos turísticos ...",Sí,2023-10-14T07:31:03+00:00
noticias,"Castellón se suma a la moda de las autocaravanas y campers: todo listo para este próximo otoño",castellon-se-suma-a-la-moda-de-las-autocaravanas-y-campers-todo-listo-para-este-proximo-otono,https://www.furgocasa.com/es/blog/noticias/castellon-se-suma-a-la-moda-de-las-autocaravanas-y-campers-todo-listo-para-este-proximo-otono,"Conoce las últimas noticias del sector del caravaning. Rutas para hacer con tu autocaravana de alqui...",Sí,2023-08-27T18:08:09+00:00
noticias,"Jaca prohíbe el estacionamiento de autocaravanas y campers de no residentes en su municipio",jaca-prohibe-el-estacionamiento-de-autocaravanas-y-campers-de-no-residentes-en-su-municipio,https://www.furgocasa.com/es/blog/noticias/jaca-prohibe-el-estacionamiento-de-autocaravanas-y-campers-de-no-residentes-en-su-municipio,"Conoce las últimas noticias del sector del caravaning. Rutas para hacer con tu autocaravana de alqui...",Sí,2023-05-17T19:49:22+00:00
noticias,"Los autocaravanistas murcianos piden áreas de autocaravanas en el litoral de La Región",los-autocaravanistas-murcianos-piden-areas-de-autocaravanas-en-el-litoral-de-la-region,https://www.furgocasa.com/es/blog/noticias/los-autocaravanistas-murcianos-piden-areas-de-autocaravanas-en-el-litoral-de-la-region,"Conoce las últimas noticias del sector del caravaning. Rutas para hacer con tu autocaravana de alqui...",Sí,2023-04-18T18:34:03+00:00
noticias,"El Ayuntamiento de Torrevieja decreta el cierre de un área de autocaravanas en Mar Azul: los vecinos llevaban años protestando",el-ayuntamiento-de-torrevieja-decreta-el-cierre-de-un-area-de-autocaravanas-en-mar-azul-los-vecinos-llevaban-anos-protestando,https://www.furgocasa.com/es/blog/noticias/el-ayuntamiento-de-torrevieja-decreta-el-cierre-de-un-area-de-autocaravanas-en-mar-azul-los-vecinos-llevaban-anos-protestando,"Conoce las últimas noticias del sector del caravaning. Rutas para hacer con tu autocaravana de alqui...",Sí,2023-04-06T19:45:18+00:00
noticias,"Luarca inaugura su segunda área de autocaravanas esta Semana Santa",luarca-inaugura-su-segunda-area-de-autocaravanas-esta-semana-santa,https://www.furgocasa.com/es/blog/noticias/luarca-inaugura-su-segunda-area-de-autocaravanas-esta-semana-santa,"Conoce las últimas noticias del sector del caravaning. Rutas para hacer con tu autocaravana de alqui...",Sí,2023-04-06T19:29:41+00:00
noticias,"Un nuevo aparcamiento para autocaravanas, campers y caravanas en la Vall de Gallinera (Alicante): el Ayuntamiento invierte 75.000 euros",un-nuevo-aparcamiento-para-autocaravanas-campers-y-caravanas-en-la-vall-de-gallinera-alicante-el-ayuntamiento-invierte-75-000-euros,https://www.furgocasa.com/es/blog/noticias/un-nuevo-aparcamiento-para-autocaravanas-campers-y-caravanas-en-la-vall-de-gallinera-alicante-el-ayuntamiento-invierte-75-000-euros,"Conoce las últimas noticias del sector del caravaning. Rutas para hacer con tu autocaravana de alqui...",Sí,2023-03-31T21:06:35+00:00
noticias,"Caudete pondrá en marcha este fin de semana su nueva área de autocaravanas celebrando un Encuentro para este tipo de vehículos",caudete-pondra-en-marcha-este-fin-de-semana-su-nueva-area-de-autocaravanas-celebrando-un-encuentro-para-este-tipo-de-vehiculos,https://www.furgocasa.com/es/blog/noticias/caudete-pondra-en-marcha-este-fin-de-semana-su-nueva-area-de-autocaravanas-celebrando-un-encuentro-para-este-tipo-de-vehiculos,"Conoce las últimas noticias del sector del caravaning. Rutas para hacer con tu autocaravana de alqui...",Sí,2023-03-23T20:10:51+00:00
noticias,"Mérida abrirá un nuevo aparcamiento para autocaravanas y campers: será gratis hasta diciembre de 2023",merida-estrena-nuevo-aparcamiento-para-autocaravanas-y-campers-sera-gratuito-hasta-diciembre-de-2023,https://www.furgocasa.com/es/blog/noticias/merida-estrena-nuevo-aparcamiento-para-autocaravanas-y-campers-sera-gratuito-hasta-diciembre-de-2023,"Conoce las últimas noticias del sector del caravaning. Rutas para hacer con tu autocaravana de alqui...",Sí,2023-03-15T19:43:09+00:00
noticias,"Molina de Segura, Murcia, inaugura este fin de semana un nuevo aparcamiento para autocaravanas y campers",molina-de-segura-murcia-inaugura-este-fin-de-semana-un-nuevo-aparcamiento-para-autocaravanas-y-campers,https://www.furgocasa.com/es/blog/noticias/molina-de-segura-murcia-inaugura-este-fin-de-semana-un-nuevo-aparcamiento-para-autocaravanas-y-campers,"Conoce las últimas noticias del sector del caravaning. Rutas para hacer con tu autocaravana de alqui...",Sí,2023-03-10T21:05:29+00:00
noticias,"Navarra pronto sumará una nueva área de autocaravanas: El Ayuntamiento de Corella prevé este en funcionamiento para la próxima Semana Santa",navarra-pronto-sumara-una-nueva-area-de-autocaravanas-el-ayuntamiento-de-corella-preve-este-en-funcionamiento-para-la-proxima-semana-santa,https://www.furgocasa.com/es/blog/noticias/navarra-pronto-sumara-una-nueva-area-de-autocaravanas-el-ayuntamiento-de-corella-preve-este-en-funcionamiento-para-la-proxima-semana-santa,"Conoce las últimas noticias del sector del caravaning. Rutas para hacer con tu autocaravana de alqui...",Sí,2023-03-05T18:51:55+00:00
noticias,"El lago gallego de As Pontes contará con una nueva área de autocaravanas en su entorno",el-lago-gallego-de-as-pontes-contara-con-una-nueva-area-de-autocaravanas-en-su-entorno,https://www.furgocasa.com/es/blog/noticias/el-lago-gallego-de-as-pontes-contara-con-una-nueva-area-de-autocaravanas-en-su-entorno,"Conoce las últimas noticias del sector del caravaning. Rutas para hacer con tu autocaravana de alqui...",Sí,2023-02-10T08:55:34+00:00
noticias,"Luarca, Asturias, abrirá la próxima Semana Santa una área de pernocta para autocaravanas y campers con 15 plazas",luarca-asturias-abrira-la-proxima-semana-santa-una-area-de-pernocta-para-autocaravanas-con-15-plazas,https://www.furgocasa.com/es/blog/noticias/luarca-asturias-abrira-la-proxima-semana-santa-una-area-de-pernocta-para-autocaravanas-con-15-plazas,"Conoce las últimas noticias del sector del caravaning. Rutas para hacer con tu autocaravana de alqui...",Sí,2023-02-10T08:34:33+00:00
noticias,"San Millán de los Caballeros (León) promueve la creación de una nueva área de autocaravanas y prevé estrenarla esta primavera",san-millan-de-los-caballeros-leon-promueve-la-creacion-de-una-nueva-area-de-autocaravanas,https://www.furgocasa.com/es/blog/noticias/san-millan-de-los-caballeros-leon-promueve-la-creacion-de-una-nueva-area-de-autocaravanas,"Conoce las últimas noticias del sector del caravaning. Rutas para hacer con tu autocaravana de alqui...",Sí,2023-02-10T08:08:12+00:00
noticias,"Jumilla, Murcia, pronto dispondrá de área de autocaravanas y campers: oportunidad perfecta para conocer la localidad y sus maravillosos vinos",jumilla-murcia-pronto-dispondra-de-area-de-autocaravanas-y-campers-oportunidad-perfecta-para-conocer-la-localidad-y-sus-maravillosos-vinos,https://www.furgocasa.com/es/blog/noticias/jumilla-murcia-pronto-dispondra-de-area-de-autocaravanas-y-campers-oportunidad-perfecta-para-conocer-la-localidad-y-sus-maravillosos-vinos,"Conoce las últimas noticias del sector del caravaning. Rutas para hacer con tu autocaravana de alqui...",Sí,2023-01-26T08:12:20+00:00
noticias,"Sigüenza, Guadalajara, cuenta con un nuevo aparcamiento para autocaravanas",sigueenza-guadalajara-cuenta-con-un-nuevo-aparcamiento-para-autocaravanas,https://www.furgocasa.com/es/blog/noticias/sigueenza-guadalajara-cuenta-con-un-nuevo-aparcamiento-para-autocaravanas,"Conoce las últimas noticias del sector del caravaning. Rutas para hacer con tu autocaravana de alqui...",Sí,2023-01-18T07:37:01+00:00
noticias,"La histórica estación de tren de Canfranc cuenta con una nueva área de autocaravanas",la-historica-estacion-de-tren-de-canfranc-cuenta-con-una-nueva-area-de-autocaravanas,https://www.furgocasa.com/es/blog/noticias/la-historica-estacion-de-tren-de-canfranc-cuenta-con-una-nueva-area-de-autocaravanas,"Conoce las últimas noticias del sector del caravaning. Rutas para hacer con tu autocaravana de alqui...",Sí,2023-01-11T07:56:51+00:00
noticias,"La localidad de Montán, en Castellón, estrena área de autocaravanas y campers: el municipio aumenta su oferta para este tipo de turismo ""emergente""",montan-en-castellon-estrena-parque-para-autocaravanas-el-municipio-aumenta-su-oferta-para-este-tipo-de-turismo-emergente,https://www.furgocasa.com/es/blog/noticias/montan-en-castellon-estrena-parque-para-autocaravanas-el-municipio-aumenta-su-oferta-para-este-tipo-de-turismo-emergente,"Conoce las últimas noticias del sector del caravaning. Rutas para hacer con tu autocaravana de alqui...",Sí,2023-01-03T16:50:39+00:00
noticias,"Manises estrena área de pernocta de autocaravanas: contará con siete plazas y se ubicará próxima al aeropuerto de Valencia",manises-estrena-area-de-pernocta-de-autocaravanas-siete-plazas-proximas-al-aeropuerto-de-valencia,https://www.furgocasa.com/es/blog/noticias/manises-estrena-area-de-pernocta-de-autocaravanas-siete-plazas-proximas-al-aeropuerto-de-valencia,"Conoce las últimas noticias del sector del caravaning. Rutas para hacer con tu autocaravana de alqui...",Sí,2022-12-30T19:21:45+00:00
noticias,"Se habilitan nuevas plazas para autocaravanas en Baqueira-Beret después de prohibirse su estacionamiento en la zona",se-habilitan-nuevas-plazas-para-autocaravanas-en-baqueira-beret-despues-de-que-se-prohibiera-su-estacionamiento-en-la-zona,https://www.furgocasa.com/es/blog/noticias/se-habilitan-nuevas-plazas-para-autocaravanas-en-baqueira-beret-despues-de-que-se-prohibiera-su-estacionamiento-en-la-zona,"Conoce las últimas noticias del sector del caravaning. Rutas para hacer con tu autocaravana de alqui...",Sí,2022-12-09T09:13:06+00:00
noticias,"Guadalajara abre una nueva área de autocaravanas junto a la Autopista A-2",guadalajara-estrena-nueva-area-de-autocaravanas-junto-a-la-autopista-a-2,https://www.furgocasa.com/es/blog/noticias/guadalajara-estrena-nueva-area-de-autocaravanas-junto-a-la-autopista-a-2,"Conoce las últimas noticias del sector del caravaning. Rutas para hacer con tu autocaravana de alqui...",Sí,2022-11-29T19:30:01+00:00
noticias,"Bienservida, provincia de Albacete, contará con una nueva área de autocaravanas: se han iniciado las obras, que se prevé terminen en 2023",bienservida-provincia-de-albacete-contara-con-un-nueva-area-de-autocaravanas-se-han-iniciado-las-obras-que-se-preve-terminen-en-2023,https://www.furgocasa.com/es/blog/noticias/bienservida-provincia-de-albacete-contara-con-un-nueva-area-de-autocaravanas-se-han-iniciado-las-obras-que-se-preve-terminen-en-2023,"Conoce las últimas noticias del sector del caravaning. Rutas para hacer con tu autocaravana de alqui...",Sí,2022-11-11T08:29:33+00:00
noticias,"Torrelavega estrena área de autocaravanas gratuita en los alrededores del Mercado de Ganados con capacidad para 10 vehículos",torrelavega-estrena-area-de-autocaravanas-gratuita-en-el-exterior-del-mercado-de-ganados-con-capacidad-para-10-vehiculos,https://www.furgocasa.com/es/blog/noticias/torrelavega-estrena-area-de-autocaravanas-gratuita-en-el-exterior-del-mercado-de-ganados-con-capacidad-para-10-vehiculos,"Conoce las últimas noticias del sector del caravaning. Rutas para hacer con tu autocaravana de alqui...",Sí,2022-11-09T19:32:19+00:00
noticias,"Salvatierra de Esca inaugura su área de autocaravanas y un “Pump Track”",salvatierra-de-esca-inaugura-su-area-de-autocaravanas-y-un-pump-track,https://www.furgocasa.com/es/blog/noticias/salvatierra-de-esca-inaugura-su-area-de-autocaravanas-y-un-pump-track,"Conoce las últimas noticias del sector del caravaning. Rutas para hacer con tu autocaravana de alqui...",Sí,2022-11-04T20:30:03+00:00
noticias,"La localidad murciana de Caravaca de la Cruz estrena su primera área de pernocta de autocaravanas y campers con 20 plazas",murcia-caravaca-de-la-cruz-estrena-su-primera-area-de-pernocta-de-autocaravanas-y-campers-con-20-plazas,https://www.furgocasa.com/es/blog/noticias/murcia-caravaca-de-la-cruz-estrena-su-primera-area-de-pernocta-de-autocaravanas-y-campers-con-20-plazas,"Conoce las últimas noticias del sector del caravaning. Rutas para hacer con tu autocaravana de alqui...",Sí,2022-10-30T08:48:53+00:00
noticias,"Murcia aprueba su regulación sobre alojamientos Turísticos permitiendo la pernocta de autocaravanas y campers siempre que estén “aparcadas”",murcia-aprueba-su-regulacion-sobre-alojamientos-turisticos-permitiendo-la-pernocta-de-autocaravanas-y-campers-siempre-que-esten-aparcadas,https://www.furgocasa.com/es/blog/noticias/murcia-aprueba-su-regulacion-sobre-alojamientos-turisticos-permitiendo-la-pernocta-de-autocaravanas-y-campers-siempre-que-esten-aparcadas,"Conoce las últimas noticias del sector del caravaning. Rutas para hacer con tu autocaravana de alqui...",Sí,2022-10-28T20:16:16+00:00
noticias,"El Borge (Málaga) pronto habilitará su primera área de servicios y pernocta para autocaravanas y campers",el-borge-malaga-pronto-contara-con-su-primera-area-de-pernocta-de-autocaravanas-y-campers,https://www.furgocasa.com/es/blog/noticias/el-borge-malaga-pronto-contara-con-su-primera-area-de-pernocta-de-autocaravanas-y-campers,"Conoce las últimas noticias del sector del caravaning. Rutas para hacer con tu autocaravana de alqui...",Sí,2022-10-15T08:51:27+00:00
noticias,"Lorca pone en funcionamiento su primera área de servicios y pernocta para autocaravanas y furgonetas camper",lorca-estrena-su-primera-area-de-servicios-y-pernocta-para-autocaravanas-y-furgonetas-camper,https://www.furgocasa.com/es/blog/noticias/lorca-estrena-su-primera-area-de-servicios-y-pernocta-para-autocaravanas-y-furgonetas-camper,"Conoce las últimas noticias del sector del caravaning. Rutas para hacer con tu autocaravana de alqui...",Sí,2022-10-01T09:14:56+00:00
noticias,"Las autocaravanas en pie de guerra en contra de la localidad de Jaca: un año de vigencia de la prohibición de pernocta",las-autocaravanas-en-pie-de-guerra-con-jaca-un-ano-vigente-la-prohibicion-de-pernocta,https://www.furgocasa.com/es/blog/noticias/las-autocaravanas-en-pie-de-guerra-con-jaca-un-ano-vigente-la-prohibicion-de-pernocta,"Conoce las últimas noticias del sector del caravaning. Rutas para hacer con tu autocaravana de alqui...",Sí,2022-09-30T19:17:52+00:00
noticias,"León: el área de La Palomera suma 45 nuevos aparcamientos para autocaravanas",leon-la-palomera-suma-45-nuevos-aparcamientos-para-autocaravanas,https://www.furgocasa.com/es/blog/noticias/leon-la-palomera-suma-45-nuevos-aparcamientos-para-autocaravanas,"Conoce las últimas noticias del sector del caravaning. Rutas para hacer con tu autocaravana de alqui...",Sí,2022-06-16T13:04:23+00:00
noticias,"Lorca intenta atraer al turismo de autocaravanas con conciertos en sus calles durante este próximo verano",lorca-acoge-al-turismo-de-autocaravanas-con-conciertos-en-sus-calles-este-verano,https://www.furgocasa.com/es/blog/noticias/lorca-acoge-al-turismo-de-autocaravanas-con-conciertos-en-sus-calles-este-verano,"Conoce las últimas noticias del sector del caravaning. Rutas para hacer con tu autocaravana de alqui...",Sí,2022-06-01T20:04:15+00:00
noticias,"San Vicente de la Barquera y Piélagos abordan juntas el problema de la pernocta de autocaravanas en sus municipios",san-vicente-de-la-barquera-y-pielagos-se-enfrentan-juntas-a-la-pernocta-de-autocaravanas-en-sus-municipios,https://www.furgocasa.com/es/blog/noticias/san-vicente-de-la-barquera-y-pielagos-se-enfrentan-juntas-a-la-pernocta-de-autocaravanas-en-sus-municipios,"Conoce las últimas noticias del sector del caravaning. Rutas para hacer con tu autocaravana de alqui...",Sí,2022-05-29T18:29:50+00:00
noticias,"Sierra Espuña contará en breve con área de autocaravanas: Casas Nuevas le hace hueco al turismo itinerante sobre ruedas",sierra-espuna-contara-pronto-con-area-de-autocaravanas-casas-nuevas-le-hace-hueco-al-turismo-sobre-ruedas,https://www.furgocasa.com/es/blog/noticias/sierra-espuna-contara-pronto-con-area-de-autocaravanas-casas-nuevas-le-hace-hueco-al-turismo-sobre-ruedas,"Conoce las últimas noticias del sector del caravaning. Rutas para hacer con tu autocaravana de alqui...",Sí,2022-04-28T07:46:36+00:00
noticias,"Sierra Espuña contará pronto con área de autocaravanas: Casas Nuevas le hace hueco al turismo itinerante",sierra-espuna-contara-pronto-con-area-de-autocaravanas-casas-nuevas-le-hace-hueco-al-turismo-itinerante,https://www.furgocasa.com/es/blog/noticias/sierra-espuna-contara-pronto-con-area-de-autocaravanas-casas-nuevas-le-hace-hueco-al-turismo-itinerante,"Mula ha decidido dar un poco más de impulso al turismo itinerante, con la puesta en marcha de un esp...",Sí,2022-04-28T07:46:36+00:00
noticias,"Alicante habilitará un parking para 44 autocaravanas en la playa de Urbanova",alicante-habilitara-un-aparcamiento-para-44-autocaravanas-en-la-playa-de-urbanova,https://www.furgocasa.com/es/blog/noticias/alicante-habilitara-un-aparcamiento-para-44-autocaravanas-en-la-playa-de-urbanova,"Conoce las últimas noticias del sector del caravaning. Rutas para hacer con tu autocaravana de alqui...",Sí,2022-04-10T08:38:06+00:00
noticias,"León estrenará para el verano dos nuevas áreas de pernocta para autocaravanas",leon-estrenara-antes-de-este-verano-dos-nuevas-areas-de-pernocta-para-autocaravanas,https://www.furgocasa.com/es/blog/noticias/leon-estrenara-antes-de-este-verano-dos-nuevas-areas-de-pernocta-para-autocaravanas,"Conoce las últimas noticias del sector del caravaning. Rutas para hacer con tu autocaravana de alqui...",Sí,2022-04-05T19:16:02+00:00
noticias,"La ciudad malagueña de Benalmádena aprueba su ordenanza reguladora del estacionamiento de autocaravanas",benalmadena-aprueba-su-ordenanza-reguladora-del-estacionamiento-de-autocaravanas,https://www.furgocasa.com/es/blog/noticias/benalmadena-aprueba-su-ordenanza-reguladora-del-estacionamiento-de-autocaravanas,"Conoce las últimas noticias del sector del caravaning. Rutas para hacer con tu autocaravana de alqui...",Sí,2022-04-01T07:02:29+00:00
noticias,"Terque, en la Provincia de Almería, pronto estrenará nueva área de pernocta de autocaravanas",terque-almeria-estrenara-nueva-area-de-autocaravanas,https://www.furgocasa.com/es/blog/noticias/terque-almeria-estrenara-nueva-area-de-autocaravanas,"Esta localidad de Almería, situada en la zona mas oriental del Parque Natural de Sierra Nevada, se d...",Sí,2022-03-29T19:41:07+00:00
noticias,"Terque, Almería, pronto estrenará nueva área de autocaravanas",terque-almeria-pronto-estrenara-nueva-area-de-autocaravanas,https://www.furgocasa.com/es/blog/noticias/terque-almeria-pronto-estrenara-nueva-area-de-autocaravanas,"Esta localidad de Almería, situada en la zona mas oriental del Parque Natural de Sierra Nevada, se d...",Sí,2022-03-29T19:41:07+00:00
noticias,"Jumilla apuesta por el turismo de autocaravana y planea la construcción de su primera área de pernocta de autocaravanas",jumilla-apuesta-por-el-turismo-de-autocaravana-y-planifica-la-construccion-de-su-primera-area-de-pernocta,https://www.furgocasa.com/es/blog/noticias/jumilla-apuesta-por-el-turismo-de-autocaravana-y-planifica-la-construccion-de-su-primera-area-de-pernocta,"La zona del levante español es perfecta para disfrutarla en autocaravana. En esta zona, destaca la c...",Sí,2022-03-25T18:35:12+00:00
noticias,"¿Visitas España o la UE desde América Latina? Alquila tu mortohome con un -15% de descuento",visitas-espana-o-la-ue-desde-america-latina-alquila-tu-mortohome-con-un-15-de-descuento,https://www.furgocasa.com/es/blog/noticias/visitas-espana-o-la-ue-desde-america-latina-alquila-tu-mortohome-con-un-15-de-descuento,"Alquiler de casas rodantes en España con descuento. Si viajes desde Latinoamerica podrás disfrutar d...",Sí,2022-03-22T18:40:56+00:00
noticias,"Los Alcázares, Murcia, inaugura una nueva área de autocaravanas municipal situada a orillas del Mar Menor",los-alcazares-murcia-inaugura-una-nueva-area-de-autocaravanas-municipal-junto-al-mar-menor,https://www.furgocasa.com/es/blog/noticias/los-alcazares-murcia-inaugura-una-nueva-area-de-autocaravanas-municipal-junto-al-mar-menor,"La Región de Murcia prosigue con sus esfuerzos por convertirse en un lugar destacado para los amante...",Sí,2022-03-13T10:26:23+00:00
noticias,"Vícar, municipio almeriense, dispondrá de una zona de servicio y pernocta para autocaravanas",vicar-municipio-almeriense-dispondra-de-una-zona-de-servicio-para-autocaravanas,https://www.furgocasa.com/es/blog/noticias/vicar-municipio-almeriense-dispondra-de-una-zona-de-servicio-para-autocaravanas,"Vícar dispondrá de una zona para turistas en autocaravana en las inmediaciones de la Autovía A-1051,...",Sí,2022-03-04T19:44:01+00:00
noticias,"Caravaca de la Cruz (MURCIA) estrenará su nueva área de pernocta para autocaravanas y campers",caravaca-de-la-cruz-murcia-pronto-estrenara-area-de-pernocta-para-autocaravanas-y-campers,https://www.furgocasa.com/es/blog/noticias/caravaca-de-la-cruz-murcia-pronto-estrenara-area-de-pernocta-para-autocaravanas-y-campers,"Caravaca contará con un servicio de estacionamiento y pernocta para autocaravanas junto al recinto f...",Sí,2021-06-23T07:59:46+00:00
noticias,"Las Torres de Cotillas (Murcia) estrena oficialmente su área de autocaravanas",las-torres-de-cotillas-murcia-inaugura-oficialmente-su-area-para-autocaravanas,https://www.furgocasa.com/es/blog/noticias/las-torres-de-cotillas-murcia-inaugura-oficialmente-su-area-para-autocaravanas,"El alcalde de Las Torres de Cotillas, Francisco Jesús López Manzanera, y el presidente de la Asociac...",Sí,2021-11-14T18:53:01+00:00
noticias,"Murcia: la comunidad invierte 40.000 euros a un área de servicio de autocaravanas en la localidad de Lorca",murcia-la-comunidad-destina-40-mil-euros-a-un-area-de-servicio-de-autocaravanas-en-lorca,https://www.furgocasa.com/es/blog/noticias/murcia-la-comunidad-destina-40-mil-euros-a-un-area-de-servicio-de-autocaravanas-en-lorca,"La Comunidad Autónoma ha concedido al Ayuntamiento de Lorca una subvención de 40.000 euros para la c...",Sí,2021-12-02T08:03:45+00:00
noticias,"Mazarrón (Murcia) aprueba la ordenanza municipal que regulará el estacionamiento de autocaravanas en su termino municipal",mazarron-murcia-aprueba-su-ordenanza-municipal-para-regular-el-estacionamiento-de-autocaravanas-en-su-municipio,https://www.furgocasa.com/es/blog/noticias/mazarron-murcia-aprueba-su-ordenanza-municipal-para-regular-el-estacionamiento-de-autocaravanas-en-su-municipio,"Conoce las últimas noticias del sector del caravaning. Rutas para hacer con tu autocaravana de alqui...",Sí,2022-01-15T09:57:04+00:00
noticias,"La Region de Murcia estrenará con una nueva área de pernocta para autocaravanas: la ciudad de Cieza en el mapa del turismo itinerante",la-region-de-murcia-contara-con-una-nueva-area-de-autocaravanas-la-ciudad-de-cieza-en-el-mapa-para-este-tipo-de-turismo,https://www.furgocasa.com/es/blog/noticias/la-region-de-murcia-contara-con-una-nueva-area-de-autocaravanas-la-ciudad-de-cieza-en-el-mapa-para-este-tipo-de-turismo,"El pleno del Ayuntamiento de Cieza aprueba una propuesta de Ciudadanos para habilitar en el municipi...",Sí,2022-02-03T18:31:14+00:00
vehiculos,"Para nosotros: las mejores Camperizaciones en el Chasis Fiat Ducato de 2024",para-nosotros-las-mejores-camperizaciones-en-el-chasis-fiat-ducato-de-2024,https://www.furgocasa.com/es/blog/vehiculos/para-nosotros-las-mejores-camperizaciones-en-el-chasis-fiat-ducato-de-2024,"Conoce las últimas noticias del sector del caravaning. Rutas para hacer con tu autocaravana de alqui...",Sí,2024-11-10T20:23:35+00:00
vehiculos,"El inodoro CLEANFLEX: Knaus revoluciona la comodidad y sostenibilidad del caravaning",el-inodoro-cleanflex-knaus-revoluciona-la-comodidad-y-sostenibilidad-del-caravaning,https://www.furgocasa.com/es/blog/vehiculos/el-inodoro-cleanflex-knaus-revoluciona-la-comodidad-y-sostenibilidad-del-caravaning,"Conoce las últimas noticias del sector del caravaning. Rutas para hacer con tu autocaravana de alqui...",Sí,2024-11-16T11:14:14+00:00
